:020000040800F2
:100000007864002029020008A55600082150000845
:100010008556000829060008556500080000000004
:10002000000000000000000000000000115900085E
:10003000A117000800000000A1580008B5590008E9
:10004000430200084302000843020008430200087C
:10005000430200084302000843020008430200086C
:10006000430200084302000843020008430200085C
:10007000430200084302000843020008430200084C
:1000800065140008751400084302000843020008C4
:100090002D0600083D060008430200084302000840
:1000A00043020008A95A000843020008430200085E
:1000B000B95A0008C95A0008430200084302000860
:1000C00043020008430200084302000843020008FC
:1000D0004302000835650008456500084302000832
:1000E00043020008430200084302000843020008DC
:1000F00043020008430200084302000843020008CC
:1001000043020008430200084302000843020008BB
:1001100043020008430200084302000843020008AB
:100120004302000843020008851400084302000847
:100130004302000800000000000000004302000825
:100140004D0600085D06000843020008430200084F
:100150004302000843020008951400084302000807
:10016000430200084302000843020008430200085B
:1001700043020008430200080000000000000000E5
:10018000430200084302000800F002F800F03CF8C7
:100190000AA090E8000C82448344AAF10107DA45E2
:1001A00001D100F031F8AFF2090EBAE80F0013F0F8
:1001B000010F18BFFB1A43F001031847ACAA000057
:1001C000CCAA0000103A24BF78C878C1FAD85207E8
:1001D00024BF30C830C144BF04680C6070470000C1
:1001E0000023002400250026103A28BF78C1FBD840
:1001F000520728BF30C148BF0B6070471FB50AF0D7
:10020000B0FC1FBD10B510BD00F054F91146FFF74A
:10021000F5FF06F0DFFF00F072F903B4FFF7F2FF1D
:1002200003BC00F075F90000094880470948004701
:10023000FEE7FEE7FEE7FEE7FEE7FEE7FEE7FEE796
:10024000FEE7FEE704480549054A064B70470000F3
:10025000955A000889010008785800207864002029
:10026000786000207860002053EA020C00F069807A
:100270002DE9F04B4FF00006002B1FBFB3FA83F5BA
:1002800003FA05F424FA05F65E4012BF1643B2FAEB
:1002900082F502FA05F4C5F120051EBF22FA05FC1D
:1002A00044EA0C04203556EA044C4FEA144418BFC3
:1002B000641C4FF000084FF00009904271EB030CF2
:1002C00039D3002919BFB1FA81F701FA07F6B0FA5C
:1002D00080F700FA07F6C7F120071EBF20FA07FCD7
:1002E00046EA0C062037B6FBF4FCA7EB0507103FE7
:1002F00007F01F0BCBF120062CFA06F60CFA0BFBCD
:1003000044BFB3460026202FA4BF5E464FF0000B2B
:100310005BEA060C08BF4FF0010B19EB0B0948EB29
:100320000608ABFB027C06FB02CC0BFB03CCC01B1C
:1003300071EB0C01C1E70B46024641464846BDE859
:10034000F08B13B5084318BF4FF0FF300146AFF3F1
:100350000080BDE81C407047032A40F2308010F056
:10036000030C00F0158011F8013BBCF1020F624450
:1003700098BF11F801CB00F8013B38BF11F8013BE1
:10038000A2F1040298BF00F801CB38BF00F8013B8E
:1003900011F0030300F05780083AC0F0088051F8CC
:1003A000043B083A51F804CBA0E80810F5E7121D09
:1003B0005CBF51F8043B40F8043BAFF30080D20728
:1003C00024BF11F8013B11F801CB48BF11F8012BF4
:1003D00024BF00F8013B00F801CB48BF00F8012B17
:1003E000704702F0FF0343EA032242EA024200F0B0
:1003F00002B84FF0000200B51346944696462039E5
:1004000022BFA0E80C50A0E80C50B1F12001BFF4CD
:10041000F7AF090728BFA0E80C5048BF0CC05DF833
:1004200004EB890028BF40F8042B08BF704748BF81
:1004300020F8022B11F0804F18BF00F8012B7047F5
:1004400070477047704710B5203AC0F00B80B1E894
:100450001850A0E81850B1E81850A0E81850203AF9
:10046000BFF4F5AF5FEA027C24BFB1E81850A0E802
:10047000185044BF18C918C0BDE810405FEA827C1C
:1004800024BF51F8043B40F8043B08BF7047D20733
:1004900028BF31F8023B48BF11F8012B28BF20F8D4
:1004A000023B48BF00F8012B70470000004870472E
:1004B000100000207546FFF7F9FFAE4605006946BB
:1004C000534620F00700854618B020B5FFF7BAFE66
:1004D000BDE820404FF000064FF000074FF0000845
:1004E0004FF0000BAC46ACE8C009ACE8C009ACE882
:1004F000C009ACE8C00921F007018D46704710B56E
:100500000446AFF300802046BDE81040FFF785BEEB
:1005100001491820ABBEFEE726000200704700002C
:1005200080B586B00590FFE700208DF81300FFE747
:100530009DF8130040F27001C2F200010978884270
:100540002FDAFFE70020C4F2020002904FF480711E
:100550000191012202F06CFEFA20039006F068FE81
:1005600001990298002202F063FE039806F060FEF3
:100570009DF8130040F27001C2F2000109780139C0
:10058000884207D1FFE740F27001C2F2000100206B
:100590000870FFE7FFE79DF8130001308DF81300A6
:1005A000C6E7012006F044FEBEE7000080B586B035
:1005B0000020C4F2020002904FF4807103910122E6
:1005C000019202F035FEC820009002F033FC029840
:1005D00003990022049202F02BFE009802F02AFCFC
:1005E000019A0298039902F023FE3220059002F04E
:1005F00021FC02980399049A02F01AFE059802F071
:1006000019FC019A0298039902F012FE059802F073
:1006100011FC02980399049A02F00AFE059802F070
:1006200009FC06B080BD0000FFE7FEE780B540F69C
:10063000BC30C2F2000001F0F3FB80BD80B540F693
:10064000BC30C2F2000001F0EBFB80BD80B540F68B
:10065000E430C2F2000001F0E3FB80BD80B540F65B
:10066000E430C2F2000001F0DBFB80BD80B58CB04D
:100670000A9000200390029001900A9800F0F4F88C
:1006800020B1FFE700208DF82F005DE00A98017887
:1006900001EB410100EBC1000069069000200790CA
:1006A0000A98017801EB410100EBC100007B089042
:1006B0000898092803D3FFE708200890FFE70020E7
:1006C0008DF82400069848B9FFE70A98017801EBF5
:1006D000410100EBC1008068049008E00A980178AD
:1006E00001EB410100EBC10080680590FFE70A982B
:1006F000017801EB410100EBC10000F11401089AFF
:1007000002A80090FFF728FE009A0A98406804A902
:1007100001AB01F0FBF820B1FFE700208DF82F00BE
:1007200012E00A99087801304AF6AB22CAF6AA22EA
:10073000A0FB0232D20802EB4202A0EB820008705A
:1007400001208DF82F00FFE79DF82F000CB080BD31
:1007500070B58AB0119D109CDDF83CE0DDF838C022
:10076000129E09950894CDF81CE0CDF818C00593A9
:10077000049203910290029800F082F808B1FFE71A
:1007800047E00798092803D3FFE70820019003E01A
:100790009DF81C000190FFE7019802994A7802EB4E
:1007A000420201EBC2010873059802994A7802EBF4
:1007B000420201EBC2010861059818B9FFE70398EE
:1007C000009002E004980090FFE7009802994A78B0
:1007D00002EB420201EBC20188600298417801EB12
:1007E000410100EBC10202F114001299127BFFF7E4
:1007F000B3FD0299487801304AF6AB22CAF6AA2224
:10080000A0FB0232D20802EB4202A0EB8200487049
:10081000FFE70AB070BD000041F26040C2F2000084
:100820000078C00708B1FFE71DE040F27802C2F28D
:10083000000200205070107040F2A011C2F20001BE
:100840004870087040F6BC30C2F20000506040F6BC
:10085000E430C2F20000486041F26041C2F200019F
:1008600001200870FFE7704781B000900099087878
:100870004978401AB0FA80F0400901B07047000092
:1008800081B0009000980178407801304AF6AB22A0
:10089000CAF6AA22A0FB0232D20802EB4202A0EB67
:1008A0008200401AB0FA80F0400901B070470000A1
:1008B00083B002900191029800788DF803000198AE
:1008C0000078029908709DF803000199087003B040
:1008D0007047000084B08DED020ACDED010A8DED68
:1008E000001A9DED020A9DED011AB4EE410AF1EEE7
:1008F00010FA03DAFFE7019803900FE09DED020A7A
:100900009DED001AB4EE410AF1EE10FA03DDFFE7A7
:100910000098039002E002980390FFE79DED030A20
:1009200004B0704783B08DED010ACDED000A9DED56
:10093000010A9DED001AB4EE410AF1EE10FA03DD52
:10094000FFE70098029015E09DED010A9DED001A69
:10095000B1EE411AB4EE410AF1EE10FA07DAFFE700
:100960009DED000AB1EE400A8DED020A02E0019809
:100970000290FFE79DED020A03B0704781B08DED54
:10098000000A9DED000A9FED031A80EE010A01B0F6
:10099000704700BF0000B44310B584B003900398C3
:1009A000B0F844000399B1F86010401A0399A1F817
:1009B00046000398B0F94600012805DBFFE70398DD
:1009C000B0F94600029005E00398B0F946004042B5
:1009D0000290FFE70298B0F5805F12DDFFE7039811
:1009E000B0F846300398B0F946104FF0FF300029B8
:1009F000C8BF012003998A8800FB1230A1F8460085
:100A0000FFE70398B0F946200399886C1044886486
:100A1000039890ED120AB8EEC00A9FED251A20EE59
:100A2000010A8DED010A0398818800EE101AB8EED4
:100A3000400A8DED000A00F033FF9DED001AB0EE84
:100A4000402A9DED010A21EE021A80EE010A039868
:100A500080ED0E0A03984078C00730B1FFE7039895
:100A6000806C0399C1F88C00FFE7039890F86F0041
:100A7000C00740B1FFE7039800F0B6FB03990020E0
:100A800081F86F00FFE70399486B8A6BCB6BD1F855
:100A900040C0D1F844E08C6C4C66C1F860E0C1F80D
:100AA0005CC08B654A650865C86C886604B010BD7B
:100AB0000000B44380B58AB00990002000900890EF
:100AC0000790069005900490039002908DF807001F
:100AD00005900690082107918DF82000099800786C
:100AE00004280CD8FFE74FF40070039009980178B0
:100AF0006FF0010000EB41008DF807000BE040F2C1
:100B0000FF100390099801786FF0090000EB410095
:100B10008DF80700FFE70998018B9DF8072040F248
:100B20009860C2F2000081529DF807100844411CF1
:100B3000FFF7BEFE09980078042805D0FFE7099862
:100B4000007808280BD1FFE700F0A8F840F298627F
:100B5000C2F2000203A902AB00F0D8FEFFE70AB020
:100B600080BD000080B584B000200390FFE70398AB
:100B7000032800F29180FFE7039840F2C822C2F2F6
:100B80000002F42100FB01204078C007002869D052
:100B9000FFE7039840F2C822C2F200020092F4215B
:100BA000019100FB012000F0A1FB009A019903983C
:100BB00000FB0120C07801460291042850D8029918
:100BC000DFE801F003131E293400039840F2C82225
:100BD000C2F20002F42100FB0123002018830398D5
:100BE00000FB0120FFF766FF52E0039840F2C822A5
:100BF000C2F20002F42100FB012000F005FB30E00E
:100C0000039840F2C822C2F20002F42100FB012046
:100C100000F098F925E0039840F2C822C2F20002E1
:100C2000F42100FB012000F08FFB1AE0039840F252
:100C3000C822C2F20002F42100FB0120B0F9180022
:100C400000EE100AB8EEC00A039800FB0120B0F9CC
:100C5000140001EE100AF8EEC10AFFF763FE00E08F
:100C6000FFE70AE0039840F2C822C2F20002F42132
:100C700000FB012100200883FFE7039840F2C8220F
:100C8000C2F20002F42100FB0120FFF713FFFFE78F
:100C90000398013003906AE704B080BD40F6BC3091
:100CA000C2F2000070470000F0B5A1B040F2FF10A2
:100CB0001F904FF07E511D910020C4F210201E9015
:100CC00041F6FF70ADF8700041F29412ADF880204B
:100CD0004FF400721A9218914AF22C01C4F2991141
:100CE0001991ADF85C0042F21070ADF86C00012172
:100CF0008DF84310002006908DF858000022C4F2B1
:100D0000873211920022CCF2873212928DF8410084
:100D10008DF842104FF4D77214928DF840004FF4C2
:100D2000C872ADF84C2040F6B832ADF856203222E9
:100D3000ADF854208DF83F108DF83D008DF83E0041
:100D40008DF83C000D90ADF83800ADF83A000B90EE
:100D5000ADF83000ADF832000A90FFE70A9803289A
:100D600062D8FFE70A9840F2C823C2F20003039357
:100D7000F422049200FB02310020059048700A9989
:100D800001FB023188700A9901FB023C0F99CCF8F3
:100D90006C100A9901FB023C1099DDF844E0129CAA
:100DA000139D149E159FCCF88470CCF88060CCF80D
:100DB0007C50CCF87840CCF874E0CCF870101699E0
:100DC000CCF888100A9901FB023C0D99DDF838E057
:100DD000CCF890E0CCF88C100A9901FB023C0B99FE
:100DE000DDF830E0CCF898E0CCF894100A9901FBDB
:100DF000023108830A9901FB0231C8610A9901FB9B
:100E0000023108840A9901FB0231C8620A9901FB88
:100E1000023188640A9901FB0231A1F86000FFE702
:100E20000A9801300A9099E700200990FFE7099895
:100E3000032820D8FFE7099A501CF42102FB01F394
:100E400040F2C822C2F20002D054099800FB0121EE
:100E50001C981D9A1E9BDDF87CC0DDF880E0C1F86F
:100E600014E0C1F810C0CB608A604860FFE70998C1
:100E700001300990DBE700200890FFE70898002880
:100E800024D2FFE7089B581D40F2C822C2F200029C
:100E9000F42103FB012383F8D003089800FB012110
:100EA0001798189A199BDDF868C0DDF86CE0C1F856
:100EB000E4E3C1F8E0C3C1F8DC33C1F8D823C1F8DA
:100EC000D403FFE7089801300890D7E70020079087
:100ED000FFE70798032828D8FFE7079840F2C822C1
:100EE000C2F200020192F421029100FB01209C3029
:100EF0009FED0F0ADFED0F0A9FED0F1A002104F09E
:100F000095FC019A0299079800FB0120C830B1EEC8
:100F1000060ADFED0A0A9FED0A1A012104F086FC99
:100F2000FFE7079801300790D3E721B0F0BD00BF7D
:100F3000295C8F3D6F12033A000000009A99993E98
:100F40000AD7233C80B586B00590059890F87100CB
:100F5000C00770B1FFE7059890ED070A059890ED7E
:100F60001D1AD0ED1E0AFFF7B5FC059880ED070AA3
:100F7000FFE7059890ED070A8DED040A059800F04B
:100F80008FFCB0EE401A9DED040A20EE010A059890
:100F9000818801EE101AB8EE411A20EE010A9FED89
:100FA000411A80EE010ABDEEC00A80ED0B0A0598D9
:100FB00090ED0B0AB8EEC00A059880ED2A0A059854
:100FC00090ED120AB8EEC00A059880ED2B0A05983C
:100FD0009C3004F09FFB059880ED350A059890F849
:100FE0007200C007E0B1FFE7059890ED350A8DED7E
:100FF000030A059890ED200AB8EEC00A8DED020AAA
:1010000000F04EFC9DED021AB0EE402A9DED030A61
:1010100061EE020AFFF786FC059880ED350AFFE7CE
:101020000598B0F93C0000EE100AB8EEC00A8DED4C
:10103000010A059800F034FCB0EE401A9DED010A5B
:1010400020EE010A059880ED360A0598C83004F0B4
:1010500061FBB0EE401A0599B1F9180000EE100AD4
:10106000B8EEC00A30EE010ABDEEC00A10EE100A5A
:1010700008830598B0F9180000EE100AB8EEC00A0F
:101080000598B0F9140001EE100AF8EEC10AFFF756
:1010900049FCBDEEC00A10EE100A0599088306B09F
:1010A00080BD00BF0000B443B0B58CB0129CDDF829
:1010B00044E0DDF840C0139D0B94CDF828E0CDF856
:1010C00024C00893079206910590079868B9FFE736
:1010D000089850B9FFE70598B0F5007F05D9FFE7FC
:1010E0000598B0F5027F01D9FFE777E00598A0F5F4
:1010F00000708DF813009DF81300052801D3FFE759
:101100006CE09DF8130040F2C822C2F20002F42104
:1011100010FB0120F438039013980178407840EADE
:1011200001200399A1F8440013988178C07840EA1F
:101130000120ADF80A0013980179407940EA0120B6
:10114000039988860398007806F03EF8A0B1FFE77F
:1011500013988079039981F84C000398B0F9340012
:1011600000EE100AB8EEC00A9FED1E1A20EE010A2A
:10117000039880ED100A12E00398B0F9340000EEF5
:10118000100AB8EEC00A9FED161A80EE010AB2EE00
:10119000041A20EE010A039880ED100AFFE7BDF95A
:1011A0000A0000EE100AB8EEC00A8DED010A03989D
:1011B00000F076FBB0EE401A9DED010A80EE010AC8
:1011C000BDEEC00A10EE100A03998887039900202B
:1011D000C1F894000398FFF7DFFBFFE70CB0B0BD48
:1011E00000401C46E5FF9F3A81B000900099002026
:1011F00081F86F0000998863009988640099C1F8AC
:101200008C0001B07047000080B584B00390039853
:1012100090F87000C00798B1FFE7039890ED350A89
:101220000398B0F97C0001EE100AF8EEC10AFFF74E
:1012300079FBBDEEC00A10EE100A03990884FFE79F
:101240000398B0F9200000EE100AB8EEC00A8DED48
:10125000010A039800F024FBB0EE401A9DED010A4C
:1012600020EE010A039880ED350A0398B0F93C009E
:1012700000EE100AB8EEC00A8DED020A039800F0E5
:101280000FFBB0EE401A9DED020A20EE010A039812
:1012900080ED360A0398C83004F03CFAB0EE401AEC
:1012A0000399B1F9180000EE100AB8EEC00A30EE4A
:1012B000010ABDEEC00A10EE100A08830398B0F9C7
:1012C000180000EE100AB8EEC00A0398B0F9140036
:1012D00001EE100AF8EEC10AFFF724FBBDEEC00ACA
:1012E00010EE100A0399088304B080BD80B582B067
:1012F0000190019880780199C978884221D0FFE750
:10130000019880780199C8700199002000900883A5
:10131000019908840198806B0199C86101989C30FB
:1013200004F0A6FA0198C83004F0A2FA00980199D6
:1013300081F86C00019981F86D00019981F86E00C7
:10134000FFE702B080BD000080B584B00390039831
:10135000B0F9841000EE101AB8EEC00A8DED010A43
:1013600000F09EFAB0EE401A9DED010A20EE010A4F
:10137000039880ED350A0398B0F93C0000EE100A9E
:10138000B8EEC00A8DED020A039800F089FAB0EEBB
:10139000401A9DED020A20EE010A039880ED360AFC
:1013A0000398C83004F0B6F9B0EE401A0399B1F9C9
:1013B000180000EE100AB8EEC00A30EE010ABDEEC9
:1013C000C00A10EE100A08830398B0F9180000EE66
:1013D000100AB8EEC00A0398B0F9860001EE100AB0
:1013E000F8EEC10AFFF79EFABDEEC00A10EE100A31
:1013F000039908830398B0F94600012805DBFFE74D
:101400000398B0F94600009005E00398B0F9460053
:1014100040420090FFE700980E2820DCFFE7039A87
:10142000B2F89000411CA2F89010652816D3FFE78F
:1014300003990020A1F89000039A012182F86C1012
:101440000399487003989C3004F012FA0398C8304E
:1014500004F00EFA0398FFF7C7FEFFE7FFE704B0BA
:1014600080BD000080B540F6CC40C2F2000001F023
:1014700037FA80BD80B540F62C50C2F2000001F072
:101480002FFA80BD80B540F60C40C2F2000001F09A
:1014900027FA80BD80B540F66C40C2F2000001F032
:1014A0001FFA80BD82B001900198007810384AF68A
:1014B000AB21CAF6AA21A0FB0110000900900099F7
:1014C0004AF6B830C0F60000405C0199C865009843
:1014D000042807D3FFE701990868042262F3090092
:1014E000886506E00199086840F2FF3290438865FC
:1014F000FFE70198806D02B07047000086B005904C
:1015000000208DF813000598806A03900598806983
:1015100010BBFFE70398029003281BD80299DFE86D
:1015200001F0020D0218059890F82F00C00720B1B5
:10153000FFE701208DF81300FFE70CE00598C06A73
:10154000B0F1C07F04D1FFE701208DF81300FFE761
:1015500001E000E0FFE745E005988069B0F5005F35
:1015600025D1FFE70398019003281ED80199DFE8F1
:1015700001F00206021101208DF8130016E0059813
:1015800090F82F00C00720B1FFE701208DF813006D
:10159000FFE70BE00598C06AB0F1C07F04D1FFE718
:1015A00001208DF81300FFE700E0FFE719E0039842
:1015B0000090032804D3FFE70098032804D00EE02E
:1015C00001208DF813000BE0059890F82F00C0075C
:1015D00020B1FFE701208DF81300FFE700E0FFE7EF
:1015E000FFE7FFE79DF8130006B0704784B0039053
:1015F00002910192009303980168086820F480200A
:10160000086000980399096848600398806840283A
:1016100009D1FFE701980399096888600298039946
:101620000968C86008E00298039909688860019811
:1016300003990968C860FFE704B0704780B582B0BD
:101640008DF8060040F2B060C2F2000090F806018A
:10165000012871D1FFE79DF8061040F2B060C2F298
:10166000000080F8011190F801015A2856D1FFE7D7
:1016700000208DF805000090FFE7009840F2B0616F
:10168000C2F2000191F802110139884210DAFFE735
:10169000009940F2B060C2F20000415C9DF8050084
:1016A00008448DF80500FFE7009801300090E4E75A
:1016B00040F2B061C2F20001002081F8060191F809
:1016C0000201084410F8010C9DF80510884224D14D
:1016D000FFE740F2B060C2F2000090F80201232858
:1016E00013D1FFE740F2B870C2F2000000F05AF8E0
:1016F00050B9FFE740F2B061C2F20001002081F86A
:1017000002018DF8070046E0FFE740F2B061C2F247
:101710000001002081F80201FFE70CE09DF80600BF
:1017200040F2B061C2F2000191F80221531C81F82D
:1017300002318854FFE715E09DF8061040F2B060D2
:10174000C2F2000080F8001190F80001A52808D12D
:10175000FFE740F2B061C2F20001012081F806010A
:10176000FFE7FFE740F2B060C2F2000090F802012C
:1017700080280CDBFFE740F2B061C2F200010020DC
:1017800081F8060181F802018DF8070003E00120CD
:101790008DF80700FFE79DF8070002B080BD00004C
:1017A0007047000086B0049000208DF80F008DF87F
:1017B0000E000290FFE7029811281CDCFFE7029858
:1017C000C11700EB5170C11040F2B060C2F20000CE
:1017D000405C9DF80E104A1C8DF80E2001F00701A8
:1017E000C84000F001000499029A8854FFE702986B
:1017F00001300290DFE703208DF80F0000208DF804
:101800000700FFE79DF80700022816DCFFE79DF8B8
:101810000F10481C8DF80F0040F2B060C2F20000BB
:10182000405C04999DF8072011448874FFE79DF8F7
:10183000070001308DF80700E4E700200090FFE783
:101840000098062816DCFFE70498009900EB810158
:101850009DF80F2040F2B060C2F20000805888610D
:101860009DF80F0004308DF80F00FFE7009801305D
:101870000090E5E79DF80F00222804D0FFE7002044
:101880008DF8170003E001208DF81700FFE79DF8A1
:10189000170006B07047000072B6FFE7FEE70000D1
:1018A00081B00090009890ED020A90ED031A20EEAE
:1018B000010A01B07047000084B0029001910298C3
:1018C00090F820008DF803009DF80300012805D052
:1018D000FFE79DF8030002280AD1FFE7019A02986A
:1018E000016848691043486100208DF80F0008E046
:1018F0000299486A40F48020486201208DF80F0068
:10190000FFE79DF80F0004B07047000088B0069014
:10191000059104920393069890F820008DF8070033
:1019200006980068806800900598806808B9FFE70D
:1019300000E0FFE79DF80700012806D0FFE79DF8CB
:101940000700022840F08080FFE79DF80300400771
:1019500000280CD4FFE79DF803000007002806D4F8
:10196000FFE79DF80300C006002864D5FFE7009854
:10197000C0F3016002900299012088400399086039
:101980000598806868B9FFE705980168C06840EA73
:10199000415006990968029A01EB0211C1F88001D1
:1019A0000EE005994A688868C96840EAC2000843A1
:1019B00006990968029A01EB0211C1F88001FFE75C
:1019C0000598006906990968029A01EB0211C1F8AD
:1019D00084010598007D01280CD1FFE70698006876
:1019E000029900EB0111D1F8840140F48070C1F834
:1019F0008401FFE70498406806990968029A01EBA0
:101A00000211C1F88C010498006806990968029ACD
:101A100001EB0211C1F8880106980068029900EBF9
:101A20000111D1F8800140F00100C1F880010020CF
:101A30008DF81F0011E00699486A40F400104862D2
:101A400001208DF81F0008E00699486A40F48020C4
:101A5000486201208DF81F00FFE79DF81F0008B0C5
:101A60007047000086B004900391049890F820001D
:101A70008DF803009DF80300012806D0FFE79DF8CC
:101A80000300022840F0B080FFE746F20040C4F2B5
:101A9000000001900199D1F8000240F00100C1F866
:101AA00000020199D1F8000220F47C50C1F8000234
:101AB0000398426A0199D1F8000240EA0220C1F875
:101AC00000020398406900F01F0101208840029045
:101AD000029A0199D1F81C029043C1F81C020398A4
:101AE000C069F0B9FFE7029A0199D1F80C0290435E
:101AF000C1F80C02039A9088D168526940EA01400B
:101B0000019901EBC201C1F84002039A1088916863
:101B1000526940EA0140019901EBC201C1F8440257
:101B2000FFE70398C06901281ED1FFE7029A0199D7
:101B3000D1F80C021043C1F80C02039A9088116886
:101B4000526940EA0140019901EBC201C1F840022B
:101B5000039A90899168526940EA0140019901EB2A
:101B6000C201C1F84402FFE70398806940B9FFE76A
:101B7000029A0199D1F804029043C1F8040207E0E7
:101B8000029A0199D1F804021043C1F80402FFE758
:101B90000398006940B9FFE7029A0199D1F814024D
:101BA0009043C1F8140207E0029A0199D1F8140297
:101BB0001043C1F81402FFE70398006A012808D116
:101BC000FFE7029A0199D1F81C021043C1F81C02E8
:101BD000FFE70199D1F8000220F00100C1F80002EE
:101BE00000208DF8170008E00499486A40F480202E
:101BF000486201208DF81700FFE79DF8170006B036
:101C00007047000081B0009001B0704786B004902A
:101C1000039102920193049890F820008DF803003C
:101C20009DF80300012806D0FFE79DF80300022875
:101C300040F0E880FFE7039880B9FFE70498006868
:101C4000C068800748B9FFE70499486A40F400106B
:101C5000486201208DF81700DDE00FE0049800686D
:101C60000069800748B9FFE70499486A40F400100A
:101C7000486201208DF81700CDE0FFE70498006866
:101C8000039900EB0110D0F8B00100F004000299B4
:101C900088600298806858B9FFE704980068039943
:101CA00000EB0110D0F8B001400D029908600AE085
:101CB00004980068039900EB0110D0F8B001C00847
:101CC00002994860FFE704980068039900EB01104F
:101CD000D0F8B00100F002000299C86004980068D2
:101CE000039900EB0110D0F8B40100F00F000828B0
:101CF00004D3FFE70299082008610BE0049800680C
:101D0000039900EB0110D0F8B40100F00F00029924
:101D10000861FFE704980068039900EB0110D0F810
:101D2000B40180B2000A029988610498006803999E
:101D300000EB0110D0F8B401000C0299486104983E
:101D40000068039900EB0110D0F8B8010199087000
:101D500004980068039900EB0110D0F8B801000A5C
:101D60000199487004980068039900EB0110D0F8BD
:101D7000B801000C0199887004980068039900EB81
:101D80000110D0F8B801000E0199C87004980068DD
:101D9000039900EB0110D0F8BC0101990871049877
:101DA0000068039900EB0110D0F8BC01000A01990A
:101DB000487104980068039900EB0110D0F8BC0149
:101DC000000C0199887104980068039900EB0110D8
:101DD000D0F8BC01000E0199C871039838B9FFE72B
:101DE00004980168C86840F02000C86006E00498C4
:101DF0000168086940F020000861FFE700208DF8C5
:101E0000170008E00499486A40F4802048620120E5
:101E10008DF81700FFE79DF8170006B07047000027
:101E200080B58AB009900020089009980068406940
:101E300007900998006840680690099800688068D3
:101E4000059009980068C0680490099800680069C6
:101E5000039009980068806902909DF81C00C007F3
:101E6000002800F09480FFE79DF81400C00758B3E5
:101E7000FFE709980168012088609DF81400800739
:101E8000002804D5FFE7099800F07AFC1BE09DF8D4
:101E900014004007002805D5FFE7089840F40060CB
:101EA00008900FE09DF814000007002805D5FFE713
:101EB000089840F48050089003E0099800F05CFC1A
:101EC000FFE7FFE7FFE7FFE79DF81500C00760B3F6
:101ED000FFE7099801684FF4807088609DF815004D
:101EE0008007002804D5FFE7099800F051FC1BE0AB
:101EF0009DF815004007002805D5FFE7089840F435
:101F0000005008900FE09DF815000007002805D547
:101F1000FFE7089840F48040089003E0099800F03B
:101F200033FCFFE7FFE7FFE7FFE79DF81600C00778
:101F300060B3FFE7099801684FF4803088609DF82E
:101F400016008007002804D5FFE7099800F028FC58
:101F50001BE09DF816004007002805D5FFE708980C
:101F600040F4004008900FE09DF81600000700289C
:101F700005D5FFE7089840F48030089003E0099801
:101F800000F00AFCFFE7FFE7FFE7FFE7FFE79DF848
:101F90001C000007002810D5FFE79DF81000C006C0
:101FA000002809D5FFE7089840F4007008900998C8
:101FB00001681020C860FFE7FFE79DF81C0040079C
:101FC00000280FD5FFE79DF810000007002808D56E
:101FD000FFE7099801680820C860099800F0E2FA54
:101FE000FFE7FFE79DF81C00800700280BD5FFE7FF
:101FF00009980068C068800720B1FFE7099800F0E1
:10200000D5FAFFE7FFE79DF81C004006002810D531
:10201000FFE79DF80C00C006002809D5FFE70898E7
:1020200040F4806008900998016810200861FFE77B
:10203000FFE79DF81C00800600280FD5FFE79DF8FC
:102040000C000007002808D5FFE709980168082060
:102050000861099800F0EAFAFFE7FFE79DF81C0025
:10206000C00600280BD5FFE70998006800698007C3
:1020700020B1FFE7099800F0DDFAFFE7FFE79DF8E0
:102080001E00800700280FD5FFE79DF81800C00646
:10209000002808D5FFE709980168102048600998D2
:1020A00000F020FBFFE7FFE79DF81E00C00778B1B6
:1020B000FFE79DF818000007002808D5FFE70998FA
:1020C000016808204860099800F06EFBFFE7FFE711
:1020D0009DF81D000006002840F18D80FFE79DF867
:1020E00018004007002840F18180FFE79DF81D009F
:1020F000C00750B1FFE79DF80800C00728B1FFE70F
:10210000089840F001000890FFE79DF81D00800747
:1021100000280BD5FFE79DF808008007002805D5AB
:10212000FFE7089840F002000890FFE79DF81D00C7
:10213000400700280BD5FFE79DF80800400700285E
:1021400005D5FFE7089840F004000890FFE79DF8E8
:102150001D000007002848D5FFE79DF8080010F093
:10216000700F42D0FFE7029800F070000146019125
:10217000102814D0FFE70198202815D0FFE7019818
:10218000302816D0FFE70198402817D0FFE70198C4
:10219000502818D0FFE70198602819D01DE0089852
:1021A00040F00800089019E0089840F010000890EE
:1021B00014E0089840F0200008900FE0089840F0E4
:1021C000400008900AE0089840F08000089005E080
:1021D000089840F48070089000E0FFE709980168D3
:1021E000886920F070008861FFE7FFE709980168BF
:1021F00004204860FFE7089848B1FFE7089A09996A
:10220000486A104348620998FFF7FCFCFFE70AB0F0
:1022100080BD000080B584B00290029820B9FFE72D
:1022200001208DF80F00E0E0029890F8200020B91E
:10223000FFE7029800F0DEF8FFE7029801680868FF
:1022400040F00100086001F00BF80190FFE70298F0
:1022500000684068C007A8B9FFE701F001F80199DC
:10226000401A0B280DD3FFE70299486A40F400306A
:1022700048620299052081F8200001208DF80F00A6
:10228000B3E0E4E702980168086820F00200086003
:1022900000F0E6FF0190FFE70298006840688007C1
:1022A000002815D5FFE700F0DBFF0199401A0B2845
:1022B0000DD3FFE70299486A40F400304862029962
:1022C000052081F8200001208DF80F008DE0E3E764
:1022D0000298007E012807D1FFE70298016808688C
:1022E00040F08000086006E002980168086820F06D
:1022F00080000860FFE70298407E012807D1FFE7D1
:1023000002980168086840F04000086006E0029802
:102310000168086820F040000860FFE70298807EAE
:10232000012807D1FFE702980168086840F0200003
:10233000086006E002980168086820F02000086044
:10234000FFE70298C07E012807D1FFE702980168E5
:10235000086820F01000086006E00298016808682C
:1023600040F010000860FFE70298007F012807D1C5
:10237000FFE702980168086840F00800086006E07E
:1023800002980168086820F008000860FFE70298DA
:10239000407F012807D1FFE702980168086840F0F4
:1023A0000400086006E002980168086820F0040054
:1023B0000860FFE7029B19685A689868D3F80CC058
:1023C00040EA0C00D3F810C040EA0C005B691843E7
:1023D000013A1043C861029900204862029A012123
:1023E00082F820108DF80F00FFE79DF80F0004B071
:1023F00080BD000080B594B0139000201290119021
:1024000010900F900E901398006846F20041C4F2AD
:102410000001884254D1FFE740F2A460C2F20000FC
:102420000168013101600068012812D1FFE7FFE770
:1024300000200D9043F64000C4F20200016841F014
:1024400000710160006800F000700D900D98FFE7CA
:10245000FFE7FFE700200C9043F63000C4F20200D3
:10246000016841F001010160006800F001000C907A
:102470000C98FFE74FF4C0500E9002200F90002000
:102480000790109003201190092012900020C4F2B0
:1024900002000EA900F0F0FC079A14200590052117
:1024A000069100F0B1FF059800F0A4FF0699079A85
:1024B0001520089000F0A8FF089800F09BFF6EE040
:1024C0001398006846F60001C4F20001884265D105
:1024D000FFE7FFE700200B9043F64000C4F2020044
:1024E000016841F080610160006800F080600B903D
:1024F0000B98FFE740F2A460C2F2000001680131CE
:1025000001600068012812D1FFE7FFE700200A9070
:1025100043F64000C4F20200016841F0007101601E
:10252000006800F000700A900A98FFE7FFE7FFE7F5
:102530000020099043F63000C4F20200016841F027
:1025400002010160006800F0020009900998FFE7AD
:1025500060200E9002200F90002003901090032026
:1025600011900920129040F20040C4F202000EA91E
:1025700000F082FC039A402001900521029100F0B6
:1025800043FF019800F036FF0299039A412004901E
:1025900000F03AFF049800F02DFFFFE7FFE714B0CA
:1025A00080BD000081B0009001B0704770B58EB062
:1025B0000D900D98006846F20041C4F20001884277
:1025C0001ED1FFE70D98002106AA04ABFFF71EFB02
:1025D000A8B9FFE706980799089A099BDDF828C073
:1025E0000B9C0C9DEE4604AECEF80C60CEF8085065
:1025F000CEF80440CEF800C0FEF756FDFFE713E02A
:102600000D98006846F60001C4F2000188420AD124
:10261000FFE70D98002106AA04ABFFF7F7FA08B907
:10262000FFE7FFE7FFE7FFE70EB070BD81B0009066
:1026300001B0704770B590B00F900F98006846F2E7
:102640000041C4F2000188421ED1FFE70F9801212A
:1026500008AA06ABFFF7DAFAA8B9FFE708980999C4
:102660000A9A0B9BDDF830C00D9C0E9DEE4606AE1F
:10267000CEF80C60CEF80850CEF80440CEF800C07A
:1026800006F0BEFAFFE72AE00F98006846F6000160
:10269000C4F20001884221D1FFE70F98012108AA66
:1026A00006ABFFF7B3FAC0B9FFE7089809990A9A91
:1026B0000B9BDDF830C00D9C0E9DEE460126CEF83A
:1026C000106006AECEF80C60CEF80850CEF804408C
:1026D000CEF800C004F026F9FFE7FFE7FFE710B0EF
:1026E00070BD000081B0009001B0704780B584B02B
:1026F0000290029890F8200001282FD1FFE702995C
:10270000022081F8200002980168086820F001008A
:10271000086000F0A5FD0190FFE70298006840689E
:10272000C007A8B1FFE700F09BFD0199401A0B28F4
:102730000DD3FFE70299486A40F4003048620299DD
:10274000052081F8200001208DF80F000FE0E4E75C
:102750000299002048628DF80F0008E00299486A4B
:1027600040F40020486201208DF80F00FFE79DF83B
:102770000F0004B080BD000081B0009001B0704730
:1027800081B0009001B0704781B0009001B07047F7
:1027900081B0009001B0704781B0009001B07047E7
:1027A00081B0009001B0704781B0009001B07047D7
:1027B00080B584B002900298806D019000F050FDC9
:1027C0000090029890F8350002280DD0FFE702999A
:1027D00080204865FFE70299002081F83400FFE778
:1027E00001208DF80F0055E002980168086820F07C
:1027F0001600086002980168486920F0800048616E
:102800000298006C20B9FFE70298806C38B1FFE7AE
:1028100002980168086820F008000860FFE7029845
:102820000168086820F001000860FFE7029800686E
:102830000068C007C8B1FFE700F012FD0099401A18
:10284000062811D3FFE7029920204865029903204A
:1028500081F83500FFE70299002081F83400FFE796
:1028600003208DF80F0015E0E0E70298C16D3F20CE
:102870008840019988600299012081F83500FFE7BE
:102880000299002081F83400FFE7FFE700208DF86F
:102890000F00FFE79DF80F0004B080BD82B00090EC
:1028A000009890F83500022807D0FFE700998020B3
:1028B000486501208DF807000EE00099052081F899
:1028C000350000980168086820F001000860FFE703
:1028D00000208DF80700FFE79DF8070002B0704761
:1028E00080B586B005900020039040F20000C2F24F
:1028F0000000006848F2B511C1F64E31A0FB01108E
:10290000800A02900598806D0190019800680490FB
:1029100004980599C96DC840000700281AD5FFE73B
:102920000598006800684007002812D5FFE7059861
:102930000168086820F0040008600598C16D08204F
:102940008840019988600599486D40F0010048650C
:10295000FFE7FFE704980599C96DC840C007A0B11B
:10296000FFE7059800684069000600280CD5FFE7DE
:102970000598C16D01208840019988600599486DCE
:1029800040F002004865FFE7FFE704980599C96D2C
:10299000C8404007002814D5FFE705980068006884
:1029A000800700280CD5FFE70598C16D04208840FA
:1029B000019988600599486D40F004004865FFE77B
:1029C000FFE704980599C96DC840C006002847D59F
:1029D000FFE7059800680068000700283FD5FFE77B
:1029E0000598C16D1020884001998860059800689D
:1029F0000068400300281AD5FFE7059800680068C2
:102A00000003002809D4FFE70598006C20B1FFE718
:102A10000598016C8847FFE708E00598806C20B1B5
:102A2000FFE70598816C8847FFE7FFE716E0059808
:102A300000680068C005002807D4FFE70598016812
:102A4000086820F008000860FFE70598006C20B1D6
:102A5000FFE70598016C8847FFE7FFE7FFE7FFE71F
:102A600004980599C96DC8408006002840F18D8002
:102A7000FFE7059800680068C006002840F18480E0
:102A8000FFE70598C16D202088400199886005986E
:102A900090F83500052834D1FFE7059801680868EB
:102AA00020F01600086005980168486920F0800051
:102AB00048610598006C20B9FFE70598806C38B133
:102AC000FFE705980168086820F008000860FFE744
:102AD0000598C16D3F2088400199886005990120C3
:102AE00081F83500FFE70599002081F83400FFE701
:102AF0000598006D20B1FFE70598016D8847FFE755
:102B00007BE0059800680068400300281AD5FFE7BD
:102B10000598006800680003002809D4FFE70598BD
:102B2000406C20B1FFE70598416C8847FFE708E05B
:102B30000598C06B20B1FFE70598C16B8847FFE798
:102B4000FFE720E0059800680068C005002811D460
:102B5000FFE705980168086820F0100008600599F3
:102B6000012081F83500FFE70599002081F8340045
:102B7000FFE7FFE70598C06B20B1FFE70598C16B41
:102B80008847FFE7FFE7FFE7FFE70598406DA0B341
:102B9000FFE70598406DC00730B3FFE705990520B2
:102BA00081F8350005980168086820F00100086088
:102BB000FFE70398013003900299884201D9FFE7AB
:102BC00007E0FFE7059800680068C0070028F0D11B
:102BD000FFE70599012081F83500FFE705990020FE
:102BE00081F83400FFE7FFE70598C06C20B1FFE7EC
:102BF0000598C16C8847FFE7FFE706B080BD00007D
:102C000080B586B004900020039000F029FB02906C
:102C1000049820B9FFE701208DF81700A3E004987D
:102C2000406A08B1FFE7FFE70499022081F8350008
:102C3000FFE70499002081F83400FFE70498016859
:102C4000086820F001000860FFE704980068006849
:102C5000C00790B1FFE700F003FB0299401A062875
:102C60000AD3FFE70499202048650499032081F8DE
:102C700035008DF8170076E0E7E7049800680068F3
:102C80000390039848F23F01CFF2100108400390EF
:102C9000049900914868D1F808C0CB680A6940EAF5
:102CA0000C00184310434A6910438A691043CA69EB
:102CB0001043096A01430398084303900498406A4B
:102CC000042808D1FFE70499C86A096B01430398F7
:102CD00008430390FFE70398049909680860049883
:102CE000006840690390039820F00700039004985F
:102CF000416A0398084303900498406A04281AD153
:102D0000FFE70498816A0398084303900498C06A17
:102D100080B1FFE70498FEF7F1FB50B1FFE704999B
:102D2000402048650499012081F835008DF817008E
:102D300019E0FFE7FFE703980499096848610498E0
:102D4000FEF7B0FB01900498C16D3F2088400199C7
:102D50008860049900204865049A012182F83510A2
:102D60008DF81700FFE79DF8170006B080BD000042
:102D700080B588B0069005910492039300208DF8E9
:102D80000B000698806D0190FFE7069890F83400DC
:102D9000012804D1FFE702208DF81F0045E00699C5
:102DA000012081F83400FFE7FFE7069890F835002E
:102DB00001282BD1FFE70699022081F835000699FA
:102DC0000020486506980599049A039BFEF70EFCBF
:102DD0000698C16D3F208840019988600698016877
:102DE000086840F0160008600698006C38B1FFE7EC
:102DF00006980168086840F008000860FFE7069838
:102E00000168086840F00100086009E0FFE70699E2
:102E1000002081F83400FFE702208DF80B00FFE767
:102E20009DF80B008DF81F00FFE79DF81F0008B00C
:102E300080BD000080B584B0039000F011FA0290CC
:102E4000039801900198013048B1FFE740F2040077
:102E5000C2F200000178019808440190FFE7FFE703
:102E600000F0FEF90299401A0199884201D2FFE769
:102E7000F6E704B080BD00008EB00D900C910020EC
:102E80000A90099008900B90FFE70B980F2800F22A
:102E9000CC81FFE70B99012088400A900C980068CC
:102EA0000A990840099009980A99884240F0B88127
:102EB000FFE70C98406800F00300012807D0FFE707
:102EC0000C98406800F0030002282FD1FFE70D980E
:102ED000806808900B984100032000FA01F10898DF
:102EE000884308900C98C0680B99490000FA01F1DA
:102EF00008980843089008980D9988600D984068D4
:102F000008900B99012000FA01F108988843089075
:102F10000C984068C0F300100B9900FA01F1089872
:102F20000843089008980D994860FFE70C9840689E
:102F300000F00300032818D0FFE70D98C068089040
:102F40000B984100032000FA01F10898884308908B
:102F50000C9880680B99490000FA01F10898084321
:102F6000089008980D99C860FFE70C98406800F039
:102F70000300022826D1FFE70D980B996FF003029A
:102F800002EA51010844006A08900B9800F007001B
:102F900081000F2000FA01F10898884308900C98EE
:102FA00000690B9901F00701890000FA01F1089806
:102FB0000843089008980D990B9B02EA53021144AC
:102FC0000862FFE70D98006808900B984100032005
:102FD00000FA01F10898884308900C98406800F0C6
:102FE00003000B99490000FA01F108980843089082
:102FF00008980D9908600C9880798007002800F0E7
:103000000E81FFE7FFE70020079043F64400C4F27B
:103010000200016841F480410160006800F48040D2
:1030200007900798FFE70B9820F0030043F608018C
:10303000C4F20101405808900B9800F00300810091
:103040000F2000FA01F10898884308900D9800219C
:10305000C4F20201884203D1FFE7002006905EE03F
:103060000D9840F20041C4F20201884203D1FFE70B
:103070000120059050E00D9840F60001C4F20201D5
:10308000884203D1FFE70220049042E00D9840F609
:103090000041C4F20201884203D1FFE703200390FC
:1030A00034E00D9841F20001C4F20201884203D1DC
:1030B000FFE70420029026E00D9841F20041C4F29F
:1030C0000201884203D1FFE70520019018E00D9826
:1030D00041F60001C4F20201884203D1FFE7062055
:1030E00000900AE00D9941F60042C4F20202082065
:1030F000914208BF07200090FFE700980190FFE78A
:1031000001980290FFE702980390FFE7039804906C
:10311000FFE704980590FFE705980690FFE70698FB
:10312000C0B20B9901F00301890000FA01F108987F
:103130000843089008980B9921F0030143F6080210
:10314000C4F20102885043F60840C4F2010000684E
:10315000089009990898884308900C988079C006CF
:10316000002805D5FFE70999089808430890FFE76C
:10317000089843F60841C4F20101086043F60C4088
:10318000C4F20100006808900999089888430890E3
:103190000C9880798006002805D5FFE709990898E2
:1031A00008430890FFE7089843F60C41C4F2010178
:1031B000086043F60440C4F20100006808900999D1
:1031C0000898884308900C9880798007002805D5D6
:1031D000FFE70999089808430890FFE7089843F625
:1031E0000441C4F20101086043F60040C4F201004A
:1031F0000068089009990898884308900C9880798D
:10320000C00728B1FFE70999089808430890FFE72D
:10321000089843F60041C4F201010860FFE7FFE7A8
:10322000FFE70B9801300B902FE60EB070470000BF
:1032300082B00190ADF802108DF801209DF80100D8
:1032400028B1FFE7BDF802000199886105E0BDF8EB
:103250000200000401998861FFE702B07047000096
:1032600045F29800C2F200000068704740F2040086
:10327000C2F20000027845F29801C2F2000108682B
:10328000104408607047000080B543F60041C4F266
:103290000201086840F400700860086840F480602B
:1032A0000860086840F480700860032000F0C6F8E9
:1032B0000F2000F005F800F071F8002080BD00003C
:1032C00080B58CB00B90002005900490FFE70020A3
:1032D000019043F64400C4F20200016841F001018C
:1032E0000160006800F0010001900198FFE706A866
:1032F00003A900F0DDF900F01DFA400005900598E3
:103300004DF68361C4F21B31A0FB01014FF0FF3089
:1033100000EB9140049040F68C50C2F20000002176
:10332000C4F20101016040F2E731C16004994160DB
:10333000002101618160816100F07CFE8DF80B004D
:103340009DF80B0028BBFFE740F68C50C2F200004E
:1033500000F00AFF8DF80B009DF80B00C0B9FFE7E5
:10336000192000F047F80B980F280CD8FFE70B99AD
:103370001920002200F048F80B9840F20801C2F230
:103380000001086003E001208DF80B00FFE7FFE774
:10339000FFE79DF80B000CB080BD000080B582B047
:1033A000FFE70020019043F64400C4F202000168E8
:1033B00041F480410160006800F480400190019870
:1033C000FFE7FFE70020009043F64000C4F2020050
:1033D000016841F080510160006800F08050009069
:1033E0000098FFE76FF001000F21002200F00CF8B9
:1033F00002B080BD80B582B08DF807009DF907004E
:1034000003F02CFE02B080BD80B586B08DF81700A9
:10341000049103920020029003F038FE02909DF97F
:103420001700019002980499039A02F03DF90146B1
:10343000019803F033FE06B080BD000080B582B075
:103440000190019803F06EFE02B080BD80B584B09B
:1034500002900191029820B9FFE701208DF80F003A
:1034600021E1019843F60041C4F20201096801F02C
:103470000701884212D9FFE7019943F60040C4F2E0
:1034800002000170006800F007000199884204D032
:10349000FFE701208DF80F0005E1FFE702980078B3
:1034A000800700282AD5FFE7029800784007002807
:1034B00009D5FFE743F60801C4F20201086840F4A9
:1034C000E0500860FFE7029800780007002809D55F
:1034D000FFE743F60801C4F20201086840F46040C7
:1034E0000860FFE743F60801C4F20201086820F013
:1034F000F000029A926810430860FFE70298007893
:10350000C00700286ED0FFE702984068012811D15B
:10351000FFE743F60000C4F20200006800F4003147
:103520000020B0EB514F04D1FFE701208DF80F00D0
:10353000B9E02CE002984068022805D0FFE7029825
:103540004068032811D1FFE743F60000C4F20200EF
:10355000006800F000710020B0EB516F04D1FFE76C
:1035600001208DF80F009EE010E043F60000C4F249
:103570000200006800F002010020B0EB510F04D1FE
:10358000FFE701208DF80F008DE0FFE7FFE743F62E
:103590000801C4F20201086820F00300029A526890
:1035A00010430860FFF75CFE0090FFE743F6080059
:1035B000C4F20200006800F00C0002994968B0EB08
:1035C000810F0ED0FFE7FFF74BFE0099401A41F242
:1035D0008931884204D3FFE703208DF80F0062E0B1
:1035E000E4E7FFE7019843F60041C4F202010968ED
:1035F00001F00701884212D2FFE7019943F600402B
:10360000C4F202000170006800F0070001998842CE
:1036100004D0FFE701208DF80F0044E0FFE7029897
:103620000078400700280CD5FFE743F60801C4F2F4
:103630000201086820F4E050029AD2681043086042
:10364000FFE702980078000700280DD5FFE743F652
:103650000801C4F20201086820F46040029A12696D
:1036600040EAC2000860FFE700F076F843F6080180
:10367000C4F202010968C9B20A094AF67C31C0F6EF
:103680000001895CC84040F20001C2F200010860FC
:1036900040F20800C2F200000068FFF711FE0020AF
:1036A0008DF80F00FFE79DF80F0004B080BD00000B
:1036B00082B00190009101990F20086043F6080044
:1036C000C4F20200016801F00301019A516001682F
:1036D00001F0F001019A9160016801F4E051019A52
:1036E000D160006800F46040C0080199086143F6A9
:1036F0000040C4F20200006800F007000099086072
:1037000002B0704740F20000C2F20000006870474B
:1037100080B5FFF7F7FF43F60801C4F2020109681C
:10372000C1F382224AF68C31C0F60001895CC840A0
:1037300080BD000080B5FFF7E5FF43F60801C4F245
:103740000201096889B24A0B4AF68C31C0F60001C1
:10375000895CC84080BD000080B586B0002005901F
:1037600004900390029043F60800C4F2020000683F
:1037700000F00C000146019140B1FFE701980428D8
:103780000AD0FFE7019808280CD04FE042F2004031
:10379000C0F2F40002904FE047F64000C0F27D1006
:1037A000029049E043F60400C4F20200016801F00F
:1037B0003F01059100684002002813D5FFE743F65A
:1037C0000400C4F202000068C0F3881047F640010C
:1037D000C0F27D11A0FB0101059A0023FCF744FD16
:1037E000049012E043F60400C4F202000068C0F343
:1037F000881042F20041C0F2F401A0FB0101059AD9
:103800000023FCF731FD0490FFE743F60400C4F207
:103810000200006800F44031022000EBD130039038
:1038200004980399B0FBF1F0029005E042F20040E9
:10383000C0F2F4000290FFE7029806B080BD0000DD
:1038400080B586B00490049820B9FFE701208DF878
:10385000170050E304980078C007002800F0A58006
:10386000FFE743F60800C4F20200006800F00C0015
:10387000042813D0FFE743F60800C4F202000068F2
:1038800000F00C0008281ED1FFE743F60400C4F244
:10389000020000684002002815D5FFE743F600004B
:1038A000C4F20200006800F400310020B0EB514F78
:1038B00008D0FFE70498406820B9FFE701208DF8A1
:1038C000170018E370E0FFE704984068B0F5803F08
:1038D00009D1FFE743F60001C4F20201086840F491
:1038E0008030086020E004984068B0F5A02F0DD12A
:1038F000FFE743F60001C4F20201086840F48020AB
:103900000860086840F4803008600CE043F600016D
:10391000C4F20201086820F480300860086820F4CE
:1039200080200860FFE7FFE7FFE704984068E8B100
:10393000FFE7FFF795FC0390FFE743F60000C4F2B2
:103940000200006800F400310020B0EB514F0CD1B0
:10395000FFE7FFF785FC0399401A652804D3FFE7CA
:1039600003208DF81700C6E2E7E71CE0FFF778FCBC
:103970000390FFE743F60000C4F20200006800F481
:1039800000310020B0EB514F0CD0FFE7FFF768FC8F
:103990000399401A652804D3FFE703208DF8170028
:1039A000A9E2E7E7FFE7FFE7FFE704980078800771
:1039B000002840F19680FFE743F60800C4F20200B9
:1039C000006810F00C0F13D0FFE743F60800C4F2B4
:1039D0000200006800F00C0008282CD1FFE743F635
:1039E0000400C4F2020000684002002823D4FFE76C
:1039F00043F60000C4F20200006800F0020100205B
:103A0000B0EB510F09D0FFE70498C068012804D03B
:103A1000FFE701208DF817006DE243F60001C4F2C4
:103A20000201086820F0F800049A126940EAC20016
:103A30000860FFE754E00498C06870B3FFE7002116
:103A4000C4F2472101200860FFF70AFC0390FFE75A
:103A500043F60000C4F20200006800F002010020FA
:103A6000B0EB510F0CD1FFE7FFF7FAFB0399401AB7
:103A7000032804D3FFE703208DF817003BE2E7E7B4
:103A800043F60001C4F20201086820F0F800049A2D
:103A9000126940EAC200086021E00021C4F2472117
:103AA00000200860FFF7DCFB0390FFE743F600000F
:103AB000C4F20200006800F002010020B0EB510FD8
:103AC0000CD0FFE7FFF7CCFB0399401A032804D37F
:103AD000FFE703208DF817000DE2E7E7FFE7FFE7B8
:103AE000FFE704980078000700284BD5FFE704980B
:103AF000406918B3FFE740F68061C4F24721012016
:103B00000860FFF7ADFB0390FFE743F67400C4F2D3
:103B10000200006800F002010020B0EB510F0CD150
:103B2000FFE7FFF79DFB0399401A032804D3FFE743
:103B300003208DF81700DEE1E7E722E040F6806120
:103B4000C4F2472100200860FFF78AFB0390FFE7DB
:103B500043F67400C4F20200006800F00201002085
:103B6000B0EB510F0CD0FFE7FFF77AFB0399401A37
:103B7000032804D3FFE703208DF81700BBE1E7E734
:103B8000FFE7FFE7049800784007002840F1CE8067
:103B9000FFE700208DF8070043F64000C4F2020062
:103BA0000068C000002815D4FFE7FFE70020009060
:103BB00043F64000C4F20200016841F08051016008
:103BC000006800F0805000900098FFE701208DF819
:103BD0000700FFE747F20000C4F200000068C005DC
:103BE000002822D4FFE747F20001C4F20001086870
:103BF00040F480700860FFF733FB0390FFE747F263
:103C00000000C4F200000068C00500280CD4FFE7E3
:103C1000FFF726FB0399401A032804D3FFE703208C
:103C20008DF8170067E1EAE7FFE7FFE7049880688F
:103C3000012809D1FFE743F67001C4F202010868C8
:103C400040F0010008601FE00498806805280DD14D
:103C5000FFE743F67001C4F20201086840F0040077
:103C60000860086840F0010008600CE043F670014D
:103C7000C4F20201086820F001000860086820F022
:103C800004000860FFE7FFE7FFE704988068F8B1E9
:103C9000FFE7FFF7E5FA0390FFE743F67000C4F291
:103CA0000200006800F002010020B0EB510F0ED1BD
:103CB000FFE7FFF7D5FA0399401A41F289318842AC
:103CC00004D3FFE703208DF8170014E1E5E71EE0B9
:103CD000FFF7C6FA0390FFE743F67000C4F2020054
:103CE000006800F002010020B0EB510F0ED0FFE79A
:103CF000FFF7B6FA0399401A41F28931884204D39A
:103D0000FFE703208DF81700F5E0E5E7FFE79DF8F2
:103D10000700012809D1FFE743F64001C4F2020180
:103D2000086820F080500860FFE7FFE7049880698A
:103D3000002800F0DC80FFE743F60800C4F2020030
:103D4000006800F00C00082800F08580FFE7049868
:103D5000806902285CD1FFE76021C4F2472100207E
:103D60000860FFF77DFA0390FFE743F60000C4F216
:103D70000200006800F000710020B0EB516F0CD021
:103D8000FFE7FFF76DFA0399401A032804D3FFE712
:103D900003208DF81700AEE0E7E70499C869D1F871
:103DA00020C04B6A8A6A40EA0C0040EA8310D203C2
:103DB0004FF6FF739A43A2F580321043C96A40EA76
:103DC000016043F60401C4F2020108606021C4F2FC
:103DD000472101200860FFF743FA0390FFE743F60D
:103DE0000000C4F20200006800F000710020B0EB97
:103DF000516F0CD1FFE7FFF733FA0399401A0328FC
:103E000004D3FFE703208DF8170074E0E7E721E013
:103E10006021C4F2472100200860FFF721FA0390D7
:103E2000FFE743F60000C4F20200006800F00071F2
:103E30000020B0EB516F0CD0FFE7FFF711FA0399A8
:103E4000401A032804D3FFE703208DF8170052E03F
:103E5000E7E7FFE74AE004988069012804D1FFE71B
:103E600001208DF8170046E043F60400C4F202007A
:103E70000068029004988069012831D0FFE7029819
:103E800000F480000499C969884229D1FFE70298AB
:103E900000F03F000499096A884221D1FFE70298A7
:103EA00047F6C07108400499496AB0EB811F17D1E9
:103EB000FFE7029800F440300499896AC9034FF67D
:103EC000FF729143A1F58031884209D1FFE7029842
:103ED00000F070600499C96AB0EB016F04D0FFE78D
:103EE00001208DF8170006E0FFE7FFE7FFE700205D
:103EF0008DF81700FFE79DF8170006B080BD0000A1
:103F000081B0009001B0704781B0009001B070475F
:103F100085B003900291FFE7039890F83C000128D8
:103F200004D1FFE702208DF813007EE00399012001
:103F300081F83C00FFE7FFE70399022081F83D008C
:103F400003980068406801900398006880680090BA
:103F5000019820F0700001900298016801980843D0
:103F6000019001980399096848600398006800214E
:103F7000C4F2010188423CD0FFE703980068B0F129
:103F8000804F36D0FFE70398006840F20041C4F24A
:103F9000000188422DD0FFE70398006840F6000139
:103FA000C4F20001884224D0FFE70398006840F67D
:103FB0000041C4F2000188421BD0FFE7039800686B
:103FC00040F20041C4F20101884212D0FFE7039899
:103FD000006844F20001C4F20101884209D0FFE701
:103FE0000398006841F60001C4F2000188420ED136
:103FF000FFE7009820F08000009002984168009848
:10400000084300900098039909688860FFE70399C6
:10401000012081F83D00FFE70399002081F83C0072
:10402000FFE700208DF81300FFE79DF8130005B0AF
:104030007047000080B582B00090009820B9FFE77B
:1040400001208DF807003FE0009890F83D0040B94E
:10405000FFE70099002081F83C00009800F038F854
:10406000FFE70099022081F83D00009951F8040B08
:1040700001F032FD0099012081F84600FFE7009928
:10408000012081F83E00009981F83F00009981F8F5
:104090004000009981F84100FFE7FFE70099012007
:1040A00081F84200009981F84300009981F84400AA
:1040B000009981F84500FFE70099012081F83D0053
:1040C00000208DF80700FFE79DF8070002B080BDD3
:1040D00080B586B0059005980068B0F1804F1BD17F
:1040E000FFE7FFE70020049043F64000C4F202001F
:1040F000016841F001010160006800F001000490D6
:104100000498FFE71C20029005210022FFF77CF9AC
:104110000298FFF76FF924E00598006840F200412B
:10412000C4F2000188421BD1FFE7FFE700200390A3
:1041300043F64000C4F20200016841F00201016050
:10414000006800F0020003900398FFE71D20019033
:1041500005210022FFF758F90198FFF74BF9FFE717
:10416000FFE706B080BD000083B00190019890F891
:104170003D00012804D0FFE701208DF80B006AE024
:104180000199022081F83D0001980168C86840F05B
:104190000100C860019800680021C4F20101884252
:1041A0003CD0FFE701980068B0F1804F36D0FFE7C0
:1041B0000198006840F20041C4F2000188422DD00D
:1041C000FFE70198006840F60001C4F20001884250
:1041D00024D0FFE70198006840F60041C4F20001D6
:1041E00088421BD0FFE70198006840F20041C4F20A
:1041F0000101884212D0FFE70198006844F20001F3
:10420000C4F20101884209D0FFE70198006841F635
:104210000001C4F20001884212D1FFE70198006852
:10422000806800F0070000900098062807D0FFE79C
:1042300001980168086840F001000860FFE706E0A7
:1042400001980168086840F001000860FFE700205D
:104250008DF80B00FFE79DF80B0003B070470000DE
:1042600080B586B00490039100208DF80B00FFE725
:10427000049890F83C00012804D1FFE702208DF853
:104280001700ABE00499012081F83C00FFE7FFE74D
:104290000499022081F83D0004980068806801902C
:1042A000019820F077000190019820F47F40019060
:1042B00001980499096888600398006800900028B4
:1042C00072D0FFE7009810286ED0FFE700982028F2
:1042D0006AD0FFE70098302866D0FFE700984028B2
:1042E00055D0FFE70098502837D0FFE700986028A6
:1042F00040D0FFE7009870280BD0FFE70098B0F59A
:10430000805F05D0FFE70098B0F5005F16D052E05F
:1043100055E004980068039B5A689968DB6801F0CF
:10432000ADFC0498006880680190019840F0770027
:104330000190019804990968886040E00498006839
:10434000039B5A689968DB6801F098FC049801683F
:10435000886840F48040886031E004980068039ADF
:104360005168D26801F0EEFC04980068502101F019
:104370009FFC24E004980068039A5168D26801F019
:1043800009FD04980068602101F092FC17E0049890
:104390000068039A5168D26801F0D4FC0498006860
:1043A000402101F085FC0AE004980068039909683F
:1043B00001F07EFC03E001208DF80B00FFE704997B
:1043C000012081F83D00FFE70499002081F83C00BE
:1043D000FFE79DF80B008DF81700FFE79DF8170029
:1043E00006B080BD81B0009001B0704780B584B048
:1043F000039003980068C068029003980068006901
:1044000001909DF804008007002824D5FFE79DF85F
:104410000800800700281DD5FFE7039801686FF0AA
:1044200002000861039901200877039800688069F9
:10443000800720B1FFE70398FFF7D4FF06E0039859
:1044400000F0E2F8039800F0E3F8FFE7039900209A
:104450000877FFE7FFE79DF804004007002825D50F
:10446000FFE79DF80800400700281ED5FFE70398E6
:1044700001686FF00400086103990220087703982F
:104480000068806910F4407F04D0FFE70398FFF7CD
:10449000A9FF06E0039800F0B7F8039800F0B8F819
:1044A000FFE7039900200877FFE7FFE79DF8040086
:1044B0000007002824D5FFE79DF808000007002822
:1044C0001DD5FFE7039801686FF0080008610399A4
:1044D0000420087703980068C069800720B1FFE7CF
:1044E0000398FFF77FFF06E0039800F08DF803982C
:1044F00000F08EF8FFE7039900200877FFE7FFE759
:104500009DF80400C006002825D5FFE79DF80800A7
:10451000C00600281ED5FFE7039801686FF0100061
:10452000086103990820087703980068C06910F4AF
:10453000407F04D0FFE70398FFF754FF06E003989D
:1045400000F062F8039800F063F8FFE70399002099
:104550000877FFE7FFE79DF80400C00778B1FFE7A1
:104560009DF80800C00748B1FFE7039801686FF0A5
:1045700001000861039800F04FF8FFE7FFE79DF89E
:1045800004000006002810D5FFE79DF8080000068B
:10459000002809D5FFE7039801686FF080000861E3
:1045A0000398FFF7ADFCFFE7FFE79DF80400400626
:1045B000002810D5FFE79DF808004006002809D51F
:1045C000FFE7039801686FF040000861039800F06E
:1045D00037F8FFE7FFE79DF804008006002810D5B4
:1045E000FFE79DF808008006002809D5FFE703983B
:1045F00001686FF0200008610398FFF785FCFFE772
:10460000FFE704B080BD000081B0009001B07047AA
:1046100081B0009001B0704780B582B001900198E0
:1046200000680021C4F20101884203D1FFE7FEF7D0
:104630001DFEFFE7019801F051FB02B080BD0000B4
:1046400081B0009001B0704780B586B004900391AE
:10465000ADF80A20049890F84200202848D1FFE7DE
:10466000039820B1FFE7BDF80A0020B9FFE7012059
:104670008DF8170040E00499012008630499002098
:10468000486304980399BDF80A2001F059FE8DF89B
:1046900009000498006B012821D1FFE7FFE7002003
:1046A00001900498006800680190049800684068D0
:1046B00001900198FFE7FFE7FFE70498006850E8E2
:1046C000030F40F010000090FFE700990498026883
:1046D00042E803100028F0D1FFE7FFE703E00120E4
:1046E0008DF80900FFE79DF809008DF8170003E039
:1046F00002208DF81700FFE79DF8170006B080BD77
:1047000080B582B00190ADF802100198006841F2C6
:104710000001C4F2010188420CD1FFE740F6646059
:10472000C2F2000041F28A41C2F200010122FFF709
:104730008BFFFFE70198006844F20041C4F20001DA
:1047400088420CD1FFE740F6AC60C2F2000041F2B3
:104750008B41C2F200010522FFF776FFFFE702B0AE
:1047600080BD000081B0009001B0704780B592B06C
:104770001190119800680068109011980068C06846
:104780000F901198006840690E9000200D900C90D9
:10479000109800F00F000D900D9888B9FFE79DF874
:1047A0004000800600280AD5FFE79DF83C008006FF
:1047B000002804D5FFE7119801F070FC02E2FFE742
:1047C0000D98002800F0C280FFE79DF83800C00770
:1047D00038B9FFE7BDF83C0010F4907F00F0B680D8
:1047E000FFE79DF84000C00758B1FFE79DF83D0086
:1047F000C00730B1FFE71199486C40F001004864F0
:10480000FFE79DF84000400700280BD5FFE79DF823
:104810003800C00730B1FFE71199486C40F0020042
:104820004864FFE79DF84000800700280BD5FFE7AC
:104830009DF83800C00730B1FFE71199486C40F08F
:1048400004004864FFE79DF840000007002811D5E8
:10485000FFE79DF83C008006002805D4FFE79DF89F
:104860003800C00730B1FFE71199486C40F00800EC
:104870004864FFE71198406C002866D0FFE79DF878
:104880004000800600280AD5FFE79DF83C0080061E
:10489000002804D5FFE7119801F000FCFFE711980C
:1048A00000684069C0F380100C901198406C0007BC
:1048B000002804D4FFE70C9800283ED0FFE71198A9
:1048C00001F072FB119800684069400600282FD55E
:1048D000FFE7FFE7FFE71198006850E8050F20F0B9
:1048E00040000B90FFE70B991198026842E8051011
:1048F0000028F0D1FFE7FFE71198C06B98B1FFE700
:104900001198C16B45F6E950C0F600000865119892
:10491000C06BFDF7C3FF28B1FFE71198C06B016DB5
:104920008847FFE703E01198FFF71CFFFFE703E06C
:104930001198FFF717FFFFE706E01198FFF712FF46
:10494000119900204864FFE7FFE73BE11198006BF5
:10495000012840F01781FFE79DF84000C0060028BD
:1049600040F11081FFE79DF83C00C006002840F1AF
:104970000981FFE7FFE700200A90119800680068AE
:104980000A901198006840680A900A98FFE7119809
:10499000006840694006002840F19A80FFE71198BE
:1049A000C06B00684068ADF82600BDF826000028FE
:1049B00075D0FFE7BDF826001199898D88426EDA1F
:1049C000FFE7BDF826001199C8851198C06BC06932
:1049D000B0F5807F58D0FFE7FFE7FFE71198006848
:1049E00050E8030F20F480700890FFE708991198B1
:1049F000026842E803100028F0D1FFE7FFE7FFE775
:104A0000FFE71198006850E8050F20F001000790BB
:104A1000FFE707991198026842E805100028F0D1D5
:104A2000FFE7FFE7FFE7FFE71198006850E8050F91
:104A300020F040000690FFE706991198026842E8CE
:104A400005100028F0D1FFE7FFE71199202081F839
:104A50004200119900200863FFE7FFE71198006802
:104A600050E8030F20F010000590FFE7059911981A
:104A7000026842E803100028F0D1FFE7FFE7119831
:104A8000C06BFDF795FEFFE711990220486311986E
:104A9000818DC28D891A89B2FFF732FE17E0BDF809
:104AA00026001199898D884210D1FFE71198C06BBB
:104AB000C069B0F5807F08D1FFE7119902204863F3
:104AC0001198818DFFF71CFEFFE7FFE7FFE779E014
:104AD0001199888DC98D401AADF812001198C08DBA
:104AE00000284ED0FFE7BDF81200002849D0FFE7AC
:104AF000FFE7FFE71198006850E8030F20F490707B
:104B00000390FFE703991198026842E80310002818
:104B1000F0D1FFE7FFE7FFE7FFE71198006850E8F3
:104B2000050F20F001000290FFE70299119802683A
:104B300042E805100028F0D1FFE7FFE71199202097
:104B400081F84200119900200863FFE7FFE7119800
:104B5000006850E8030F20F010000190FFE7019972
:104B60001198026842E803100028F0D1FFE7FFE740
:104B70001199022048631198BDF81210FFF7C0FD8B
:104B8000FFE71FE09DF84000000600280AD5FFE778
:104B90009DF83C000006002804D5FFE7119801F0BD
:104BA0007FFC0FE09DF84000400600280AD5FFE793
:104BB0009DF83C004006002804D5FFE7119801F05D
:104BC0003DFAFFE712B080BD80B582B0009000983A
:104BD00020B9FFE701208DF8070040E000988069C8
:104BE00008B1FFE700E0FFE7009890F8410040B906
:104BF000FFE70099002081F84000009800F034F8A9
:104C0000FFE70099242081F8410000980168C868F6
:104C100020F40050C860009801F0F4FA0098016890
:104C2000086920F49040086100980168486920F004
:104C30002A00486100980168C86840F40050C860C4
:104C4000009900204864009A202182F84110009ABF
:104C500082F84210009948638DF80700FFE79DF83D
:104C6000070002B080BD000080B59EB01D900020FE
:104C70001C901B901A90199018901D98006841F292
:104C80000001C4F20101884240F0AC80FFE7FFE779
:104C90000020179043F64400C4F20200016841F07E
:104CA00010010160006800F0100017901798FFE7EE
:104CB000FFE70020169043F63000C4F202000168BE
:104CC00041F001010160006800F0010016901698A3
:104CD000FFE74FF40070189002200C90199000200C
:104CE00012901A9003200D901B9007200E901C909C
:104CF0000020C4F202000F9018A91091FEF7BCF832
:104D0000DDF830C00D9B0E9A0F9810994FF4806E0D
:104D1000CDF844E0CDF860E0CDF864C04FF0010C70
:104D2000CDF868C01B931C92FEF7A6F8119A129951
:104D300040F60C40C2F20000139046F24043C4F229
:104D4000020303604FF0006343608160C160026151
:104D500041618161C16101624162FDF751FF18B19A
:104D6000FFE7FCF799FDFFE7FFE71D9840F60C41D0
:104D7000C2F20001C1631D988863FFE740F66C40F2
:104D8000C2F200000B9046F2B841C4F20201016089
:104D90004FF000614160402181600021C1604FF40B
:104DA0008062026141618161C16101624162FDF71E
:104DB00027FF18B1FFE7FCF76FFDFFE7FFE71D983E
:104DC00040F66C41C2F2000181631D988863FFE7E1
:104DD00025200A9005210022FEF716FB0A98FEF70F
:104DE00009FBB3E01D98006844F20041C4F20001E1
:104DF000884240F0AA80FFE7FFE70020159043F6C5
:104E00004000C4F20200016841F400310160006812
:104E100000F4003015901598FFE7FFE7002014908C
:104E200043F63000C4F20200016841F00101016064
:104E3000006800F0010014901498FFE70420189017
:104E4000022003901990002008901A9003200490EB
:104E50001B90072005901C900020C4F202000690D1
:104E600018A90791FEF708F8DDF80CC0049B059A15
:104E7000069807994FF0080ECDF860E0CDF864C0B1
:104E80004FF0010CCDF868C01B931C92FDF7F4FFA6
:104E9000089940F6CC40C2F20000099046F2880220
:104EA000C4F2020202604FF0006242608160C160A1
:104EB0004FF48062026141618161C16101624162BE
:104EC000FDF79EFE18B1FFE7FCF7E6FCFFE7FFE702
:104ED0001D9840F6CC41C2F20001C1631D98886361
:104EE000FFE740F62C50C2F20000029046F2A0010B
:104EF000C4F2020101604FF0006141604021816015
:104F00000021C1604FF48062026141618161C16131
:104F100001624162FDF774FE18B1FFE7FCF7BCFCCB
:104F2000FFE7FFE71D9840F62C51C2F200018163B4
:104F30001D988863FFE72620019005210022FEF7D7
:104F400063FA0198FEF756FAFFE7FFE71EB080BD4F
:104F500080B584B002900191ADF80220029890F8DB
:104F60004200202817D1FFE7019820B1FFE7BDF8E4
:104F7000020020B9FFE701208DF80F000FE0029931
:104F80000020086302980199BDF8022001F0D8F9C9
:104F90008DF80F0003E002208DF80F00FFE79DF869
:104FA0000F0004B080BD000080B582B00190019870
:104FB000006841F20001C4F20101884211D1FFE70B
:104FC00041F28A40C2F2000000900078FCF736FB04
:104FD000009940F66460C2F200000122FFF7B8FFBA
:104FE000FFE70198006844F20041C4F200018842E2
:104FF0000CD1FFE740F6AC60C2F2000041F28B41F9
:10500000C2F200010522FFF7A3FFFFE702B080BD57
:1050100081B0009001B0704781B0009001B070473E
:10502000FFE7FEE781B08DED000A9DED000A01B0BB
:105030007047000080B582B00190FFE700F002F8F1
:10504000FCE7000080B588B00020C4F202000690A2
:105050001021009101220392FEF7EAF8C820079080
:1050600002F0E6F80099069800220592FEF7E0F8B3
:10507000079802F0DDF8039A069820210191FEF7C7
:10508000D7F8079802F0D4F80199059A0698FEF728
:10509000CFF8079802F0CCF8039A069840210291C5
:1050A000FEF7C6F8079802F0C3F80299059A069829
:1050B000FEF7BEF8079802F0BBF8039A0698802125
:1050C0000491FEF7B5F8079802F0B2F80499059A32
:1050D0000698FEF7ADF8079802F0AAF808B080BD70
:1050E00080B58CB040F6BC30C2F20000019046F2B0
:1050F0000041C4F200010160032141600021816090
:10510000C1604FF4002202614FF440124261017607
:10511000012242768276C27601774177FDF77AF8EE
:1051200018B1FFE7FCF7B8FBFFE701210A910E2059
:105130000B900020079009900891069044F22000FF
:10514000029044F24000049044F2600003904FF457
:105150008140059040F6BC30C2F2000002A9FCF785
:1051600081FC18B1FFE7FCF797FBFFE701200A90ED
:105170000E210B910790099000210891069040F6AE
:10518000080002904FF6FF70049042F20400039072
:105190004FF60400059040F6BC30C2F2000002A9B0
:1051A000FCF760FC18B1FFE7FCF776FBFFE740F681
:1051B000BC30C2F20000FDF799FA18B1FFE7FCF726
:1051C0006BFBFFE740F6BC30C2F200000221FCF7A7
:1051D00073FB18B1FFE7FCF75FFBFFE740F6BC305D
:1051E000C2F200001021FCF767FB18B1FFE7FCF7E3
:1051F00053FBFFE70CB080BD80B58CB040F6E430C7
:10520000C2F20000019046F60001C4F20001016004
:105210000321416000218160C1604FF400220261DE
:105220004FF4401242610176012242768276C276C4
:1052300001774177FCF7EEFF18B1FFE7FCF72CFB95
:10524000FFE701210A910E200B90079000200990A2
:105250000891069044F22000029044F2400004902D
:1052600044F2600003904FF48140059040F6E43032
:10527000C2F2000002A9FCF7F5FB18B1FFE7FCF74A
:105280000BFBFFE701210A910E200B900F200790E6
:1052900000200990089006910290049003900590D8
:1052A00040F6E430C2F2000002A9FCF7DBFB18B1C3
:1052B000FFE7FCF7F1FAFFE740F6E430C2F2000046
:1052C000FDF714FA18B1FFE7FCF7E6FAFFE740F63E
:1052D000E430C2F200000221FCF7EEFA18B1FFE759
:1052E000FCF7DAFAFFE740F6E430C2F200001021E2
:1052F000FCF7E2FA18B1FFE7FCF7CEFAFFE70CB0D3
:1053000080BD000080B588B0FFE70020079043F61D
:105310003000C4F20200016841F4800101600068BD
:1053200000F4800007900798FFE7FFE70020069051
:1053300043F63000C4F20200016841F4001101603C
:10534000006800F4001006900698FFE71020009017
:105350000521039100220492FEF756F80098FEF70B
:1053600049F80399049A11200190FEF74DF801982D
:10537000FEF740F80399049A3A200290FEF744F8A9
:105380000298FEF737F80399049A46200590FEF735
:105390003BF80598FEF72EF808B080BD80B582B0C6
:1053A00045F23500C0F600004AF6C032C0F60002F1
:1053B0000021019101F0A4FF019940F2AC62C2F218
:1053C0000002106040F22150C0F600004AF694320C
:1053D000C0F6000201F094FF019940F27402C2F29B
:1053E0000002106045F64510C0F600004AF6E432AF
:1053F000C0F6000201F084FF019940F2F072C2F29F
:105400000002106045F65510C0F600004AF608424A
:10541000C0F6000201F074FF40F2F471C2F2000124
:10542000086002B080BD000080B58CB000200B90F9
:105430000A90099008900790FFE70020069043F635
:105440003000C4F20200016841F080010160006890
:1054500000F0800006900698FFE7FFE70020059027
:1054600043F63000C4F20200016841F0010101601E
:10547000006800F0010005900598FFE7FFE70020B5
:10548000049043F63000C4F20200016841F00201CA
:105490000160006800F0020004900498FFE700201B
:1054A000C4F2020003904FF4F871019100220292BD
:1054B000FDF7BEFE019A0299039807920122089215
:1054C000022209920A9107A9FDF7D6FC0CB080BD13
:1054D00080B588B000210191079106910591049152
:1054E0000391029140F6D450C2F200004FF0804286
:1054F000026053224260816040F2E732C260016183
:105500008161FEF797FD18B1FFE7FCF7C5F9FFE7EA
:105510004FF48050049040F6D450C2F2000004A929
:10552000FEF79EFE18B1FFE7FCF7B6F9FFE7002093
:105530000290039040F6D450C2F2000002A9FEF798
:10554000E7FC18B1FFE7FCF7A7F9FFE740F6D450F6
:10555000C2F20000FEF708FE18B1FFE7FCF79CF965
:10556000FFE708B080BD000080B588B00021019140
:1055700007910691059104910391029140F61C60F8
:10558000C2F2000040F20042C4F200020260532264
:105590004260816040F2E732C26001618161FEF7E2
:1055A00049FD18B1FFE7FCF777F9FFE74FF48050AA
:1055B000049040F61C60C2F2000004A9FEF750FE01
:1055C00018B1FFE7FCF768F9FFE7002002900390AD
:1055D00040F61C60C2F2000002A9FEF799FC18B167
:1055E000FFE7FCF759F9FFE740F61C60C2F2000044
:1055F000FEF7BAFD18B1FFE7FCF74EF9FFE708B078
:1056000080BD000080B582B040F66460C2F2000048
:10561000019041F20001C4F2010101604FF4E13157
:10562000416000218160C16001610C2242618161A1
:10563000C161FFF7C9FA18B1FFE7FCF72DF9FFE7E1
:1056400002B080BD80B582B040F6AC60C2F200000E
:10565000019044F20041C4F2000101604FF4E131D5
:10566000416000218160C16001610C224261816161
:10567000C161FFF7A9FA18B1FFE7FCF70DF9FFE7E1
:1056800002B080BDFFE7FEE781B08DED000A9DED21
:10569000000A9FED031A20EE010A01B0704700BF17
:1056A0000000B443FFE7FEE788B00790069105923B
:1056B000079800F0070004900498C0F1070005283F
:1056C00003D3FFE70420019004E00498C0F1070031
:1056D0000190FFE70198039004980430062803D84E
:1056E000FFE70020009003E0049803380090FFE7F4
:1056F0000098029006980399012202FA01F10139FB
:105700000840029B984005999A40013A114008438D
:1057100008B0704782B00190019890ED030A01989B
:1057200090ED041A30EE410A019880ED050A0198C7
:1057300090F8240001460091D0B3FFE700980128BB
:105740006DD1FFE7019890ED000A90ED051A0198E0
:1057500090ED062A31EE422A019890ED011A90ED63
:10576000053A21EE031A20EE020A30EE011A0198E2
:1057700090ED020A90ED052A019890ED063A33EE7D
:10578000033A32EE432A019890ED073A32EE032AAB
:1057900020EE020A30EE010A019880ED080A019815
:1057A00080690199C861019840690199886137E071
:1057B000019890ED050A019890ED071AB6EE002ABF
:1057C00021EE021A20EE020A30EE010A019880ED65
:1057D000070A019890ED000A90ED052A019890EDD6
:1057E000011A90ED073A21EE031A20EE020A30EE7C
:1057F000011A019890ED020A90ED052A019890EDAA
:10580000063A32EE432A20EE020A30EE010A0198EF
:1058100080ED080A019840690199886100E0FFE77E
:10582000019890ED080A02B07047000080B586B07C
:1058300002AA009202460098059280ED020AC0ED8D
:10584000010A80ED001A8DF8071004980599086088
:105850000398059948600298059988609DF80700AB
:10586000059981F82400059800F002F806B080BD83
:1058700081B0009000990020C860009908610099EB
:105880004861009988610099C8610099086201B077
:105890007047000000000000000000000000000051
:1058A000EFF30980BFF36F8F154B1A681EF0100FCE
:1058B00008BF20ED108A20E9F04F10602DE90900A3
:1058C0004FF0500080F31188BFF34F8FBFF36F8FFD
:1058D00003F070FE4FF0000080F31188BDE809006E
:1058E00019680868B0E8F04F1EF0100F08BFB0EC60
:1058F000108A80F30988BFF36F8F704700BF00BF25
:10590000E80F002000000000000000000000000080
:10591000074B19680868B0E8F04F80F30988BFF3B7
:105920006F8F4FF0000080F31188704700BF00BFF9
:10593000E80F002080B56FF00400002101F0D0FBDB
:1059400080BD000080B582B00190FFE7012001F02A
:105950006FFCFBE780B584B0039004F023FC029059
:1059600005200190FFE741F28841C2F2000108786A
:10597000497888420FD0FFE740F2A060C2F20000F1
:105980000078C00738B1FFE741F28841C2F2000158
:1059900048780870FFE741F28840C2F200000088B2
:1059A000ADF80000009802F033FF02A8052103F0D3
:1059B00099FCD8E780B54EF21000CEF200000068E6
:1059C00004F0D4FB012803D0FFE703F003FFFFE757
:1059D00080BD000080B594B008A83021FAF709FD19
:1059E000002007900690059004900390FFE70020A8
:1059F000029043F64000C4F20200016841F0805179
:105A00000160006800F0805002900298FFE7FFE715
:105A10000020019047F20000C4F20000016841F448
:105A200080410160006800F4804001900198FFE728
:105A3000012008904FF48030099002200E904FF41E
:105A400080010F91192110914FF4A87111911290BA
:105A50000420139008A8FDF7F3FE18B1FFE7FBF749
:105A60001BFFFFE70F200390022004900020059009
:105A70004FF4A05006904FF48050079003A80521E2
:105A8000FDF7E4FC18B1FFE7FBF706FFFFE714B0F2
:105A900080BD00004EF68851CEF20001086840F447
:105AA000700008607047000080B540F68C50C2F26C
:105AB0000000FEF79BFC80BD80B540F6D450C2F2DA
:105AC0000000FEF793FC80BD80B540F61C60C2F27A
:105AD0000000FEF78BFC80BD83B00290019102981C
:105AE0000068009002980021C4F20101884225D08C
:105AF000FFE70298B0F1804F20D0FFE7029840F214
:105B00000041C4F20001884218D0FFE7029840F635
:105B10000001C4F20001884210D0FFE7029840F66D
:105B20000041C4F20001884208D0FFE7029840F229
:105B30000041C4F2010188420AD1FFE7009820F039
:105B40007000009001984168009808430090FFE7BA
:105B500002980021C4F20101884255D0FFE7029863
:105B6000B0F1804F50D0FFE7029840F20041C4F2FC
:105B70000001884248D0FFE7029840F60001C4F2D5
:105B80000001884240D0FFE7029840F60041C4F28D
:105B90000001884238D0FFE7029840F20041C4F289
:105BA0000101884230D0FFE7029844F20001C4F2BC
:105BB0000101884228D0FFE7029844F20041C4F274
:105BC0000101884220D0FFE7029844F60001C4F2A8
:105BD0000101884218D0FFE7029841F60001C4F2A3
:105BE0000001884210D0FFE7029841F60041C4F25C
:105BF0000001884208D0FFE7029842F20001C4F297
:105C0000000188420AD1FFE7009820F4407000901C
:105C10000198C168009808430090FFE7009820F0C1
:105C200080000199496908430090019880680299B1
:105C3000C862019800680299886202980021C4F243
:105C40000101884208D0FFE7029840F20041C4F207
:105C50000101884205D1FFE70198006902990863B4
:105C6000FFE70299086840F00400086002990120EB
:105C7000486100980299086003B0704785B00490AD
:105C8000039102920193049880680090009820F498
:105C90007F40009003980299019A41EA0221014352
:105CA00000980843009000980499886005B07047F8
:105CB00083B002900191029880680090009820F0D3
:105CC0007000009001980099084340F00700009090
:105CD00000980299886003B07047000080B582B0D8
:105CE000019001980068B0F1804F1ED1FFE70120BC
:105CF000009000F04FFC009800F04CFCFAF732FFE7
:105D000040F2F871C2F20001087801300870C0B2A8
:105D1000052809DBFFE740F2F871C2F2000100201C
:105D2000087000F0CBFCFFE7FFE70198006840F245
:105D30000041C4F20001884201D1FFE7FFE702B051
:105D400080BD000085B00490039102920498006A1F
:105D500000900499086A20F00100086204988069A4
:105D60000190019820F0F00001900299019840EA1A
:105D700001100190009820F00A000090039900980B
:105D8000084300900198049988610098049908627A
:105D900005B0704785B00490039102920498006AA0
:105DA00000900499086A20F0100008620498806945
:105DB0000190019820F4704001900299019840EA06
:105DC00001300190009820F0A00000900399009805
:105DD00040EA0110009001980499886100980499A4
:105DE000086205B07047000080B582B0019001984C
:105DF000806B009000990020C8850098FEF7B2FCE7
:105E000002B080BD80B584B003900020029003985A
:105E1000806B0190019800684069C0B2C00902908F
:105E2000019890F8410021280AD1FFE7029838B183
:105E3000FFE701990020C884019800F013F9FFE7FB
:105E4000019800684069C0F380100290019890F8B2
:105E5000420022280AD1FFE7029838B1FFE70199F2
:105E60000020C885019800F09FF8FFE70199486C71
:105E700040F0100048640198FEF774FC04B080BD47
:105E800080B586B005900598806B049005980068F1
:105E90000068C00500285AD4FFE704990020C8858F
:105EA000FFE7FFE70498006850E8030F20F48070D4
:105EB0000390FFE703990498026842E80310002862
:105EC000F0D1FFE7FFE7FFE7FFE70498006850E83D
:105ED000050F20F001000290FFE702990498026884
:105EE00042E805100028F0D1FFE7FFE7FFE7FFE7F2
:105EF0000498006850E8050F20F040000190FFE78B
:105F000001990498026842E805100028F0D1FFE7E3
:105F1000FFE70499202081F842000498006B0128D3
:105F200014D1FFE7FFE7FFE70498006850E8030F8C
:105F300020F010000090FFE700990498026842E802
:105F400003100028F0D1FFE7FFE7FFE7FFE7049920
:105F5000002048630498006B012805D1FFE70498EE
:105F6000818DFEF7CDFB03E00498FFF71DF8FFE7F6
:105F700006B080BD80B582B001900198806B009022
:105F80000099012048630098006B012806D1FFE7C3
:105F90000098818D4908FEF7B3FB03E00098FFF7F6
:105FA00037F8FFE702B080BD84B00390FFE7FFE75A
:105FB0000398006850E8030F20F490700290FFE708
:105FC00002990398026842E803100028F0D1FFE725
:105FD000FFE7FFE7FFE70398006850E8050F20F0B0
:105FE00001000190FFE701990398026842E805105B
:105FF0000028F0D1FFE7FFE70398006B012814D1D8
:10600000FFE7FFE7FFE70398006850E8030F20F081
:1060100010000090FFE700990398026842E803101F
:106020000028F0D1FFE7FFE7FFE70399202081F880
:10603000420003990020086304B0704780B582B025
:10604000019001980168C86820F04000C86001997B
:10605000202081F841000198FEF7DEFF002002B009
:1060600080BD000082B00190FFE7FFE70198006863
:1060700050E8030F20F0C0000090FFE7009901985E
:10608000026842E803100028F0D1FFE7FFE701991A
:10609000202081F8410002B07047000080B586B032
:1060A0000490002003900290049890F84200222867
:1060B00040F0A080FFE704988068B0F5805F13D1BE
:1060C000FFE70498006978B9FFE70498806A0290B6
:1060D0000498006840686FF35F2002990880049973
:1060E000886A0230886223E00498806A03900498EA
:1060F0008068B0F5805F08D0FFE70498806850B9E9
:10610000FFE70498006930B9FFE704980068406829
:106110000399087007E004980068406800F07F0069
:1061200003990870FFE70499886A01308862FFE7E5
:106130000499C88D0138C8850004002856D1FFE7AE
:1061400004980168C86820F02000C86004980168BD
:10615000C86820F48070C86004980168486920F01D
:10616000010048610499202081F842000499002030
:1061700048630498006B012830D1FFE704990020A0
:106180000863FFE7FFE70498006850E8030F20F07A
:1061900010000190FFE701990498026842E803109B
:1061A0000028F0D1FFE7FFE7049800680068C00608
:1061B00000280ED5FFE7FFE7002000900498006854
:1061C0000068009004980068406800900098FFE71D
:1061D000FFE70498818DFEF793FA03E00498FEF739
:1061E000E3FEFFE700208DF8170007E000208DF8A0
:1061F000170003E002208DF81700FFE79DF8170055
:1062000006B080BD80B586B005900598006800692D
:1062100020F44050059A1168D2681043086105992E
:1062200088680B694A69C969184310430843049098
:1062300005980068C06849F20C61884304990843D6
:1062400005990968C86005980068406920F44070A5
:10625000059A11689269104348610598006841F2F7
:106260000001C4F20101884209D0FFE705980068E7
:1062700041F20041C4F20101884204D1FFE7FDF779
:1062800059FA039003E0FDF743FA0390FFE70598FE
:10629000C069B0F5004F29D1FFE703981921A0FB91
:1062A0000101059A1368029353685A00DB0FF9F74E
:1062B000DBFF0299864648F21F53C5F2EB13AEFB93
:1062C0000320420910014FF0640C02FB1CEC322247
:1062D00002EBCC02A2FB0332F82303EA521300EBD9
:1062E0004300C2F342121044886026E0039819214B
:1062F000A0FB0101059A1368019353689A009B0F54
:10630000F9F7B2FF0199844648F21F52C5F2EB1229
:10631000ACFB02304309642003FB10CC322000EBBD
:106320000C10A0FB0202F02000EA521000EB031058
:10633000C2F3431210448860FFE706B080BD00003E
:1063400080B58AB008900791ADF81A20079808998F
:106350008862BDF81A000899888508990020486469
:10636000089A222182F842100899CA6B45F6816189
:10637000C0F60001D1630899CA6B45F67571C0F685
:10638000000111640899CA6B45F60561C0F6000169
:10639000D1640899C96B086507A805900898016839
:1063A000C06B0431059A1268BDF81A30FCF7E0FCA6
:1063B00058B1FFE70899102048640899202081F817
:1063C000420001208DF827004EE0FFE700200490F6
:1063D0000898006800680490089800684068049075
:1063E0000498FFE708980069A0B1FFE7FFE7FFE71F
:1063F0000898006850E8030F40F480700390FFE7AE
:1064000003990898026842E803100028F0D1FFE7DA
:10641000FFE7FFE7FFE7FFE70898006850E8050F90
:1064200040F001000290FFE702990898026842E8F4
:1064300005100028F0D1FFE7FFE7FFE7FFE7089826
:10644000006850E8050F40F040000190FFE7019917
:106450000898026842E805100028F0D1FFE7FFE73E
:1064600000208DF82700FFE79DF827000AB080BDC7
:1064700080B540F66460C2F2000041F28A41C2F287
:1064800000010122FEF764FD40F6AC60C2F200009C
:1064900041F28B41C2F200010522FEF7D5F880BD22
:1064A00083B00190019890F8410021283AD1FFE78C
:1064B00001988068B0F5805F13D1FFE7019800690B
:1064C00078B9FFE70198006A0090009800886FF3A0
:1064D0005F200199096848600199086A02300862E2
:1064E00008E0019A106A411C11620078019909685C
:1064F0004860FFE70199C88C0138C884000468B976
:10650000FFE701980168C86820F08000C860019822
:106510000168C86840F04000C860FFE700208DF8BF
:106520000B0003E002208DF80B00FFE79DF80B0045
:1065300003B0704780B540F66460C2F20000FEF719
:1065400015F980BD80B540F6AC60C2F20000FEF7E0
:106550000DF980BDFFE7FEE780B582B08DF807003A
:106560008DF806109DF8070020B9FFE70F208DF881
:106570000700FFE79DF807009DF8061040EA0110AC
:106580004AF62C42C0F60002002100F02BF802B0BF
:1065900080BD000080B584B08DF80F009DF80F20FD
:1065A00040F27801C2F2000140F2A010C2F20000F5
:1065B000002A08BF0846029000208DF80700FFE778
:1065C0009DF8070001280ADCFFE70298FAF74EF869
:1065D000FFE79DF8070001308DF80700F0E704B0F1
:1065E00080BD0000F0B593B012908DF84710109266
:1065F0001298099000200B909DF847000D9012987A
:1066000000F00F000F2814D1FFE7002000F0ACFBD2
:10661000079001208DF81B0000F0DEFC40B1FFE781
:10662000042000F0A1FB089002208DF81B00FFE77A
:106630000AE0129800F00F00013800F095FB079077
:1066400001208DF81B00FFE700208DF81A00FFE7FE
:106650009DF81A009DF81B1088422CDAFFE79DF880
:106660001A1007A850F82100FAF70AF908B1FFE755
:106670001BE09DF81A1007A850F82100109F0999F7
:106680000A9A0B9BDDF830C00D9C0E9D0F9EEE46C6
:10669000CEF81070CEF80C60CEF80850CEF804405A
:1066A000CEF800C0FAF754F8FFE79DF81A00013061
:1066B0008DF81A00CCE713B0F0BD000080B584B0AF
:1066C00000200390FFE70398052867D8FFE70398A9
:1066D00000EB800140F2FC70C2F20000029000EB7F
:1066E000411000F037FB0298039901EB8101490149
:1066F000405CC00720BBFFE7039800EB800140F23D
:10670000FC70C2F2000000EB4112002151700399AD
:1067100001EB810100EB41104178807888420ED076
:10672000FFE7039800EB800140F2FC70C2F200002A
:1067300000EB411090F87C1000F050FCFFE729E0DE
:10674000039800EB800140F2FC70C2F2000000EB05
:1067500041104178807888420ED0FFE7039800EB23
:10676000800140F2FC70C2F2000000EB411090F892
:106770007C1000F033FC0DE0039800EB800140F248
:10678000FC70C2F2000000EB411090F87C1000F0A9
:1067900043FBFFE703980130039094E7002001904A
:1067A0002E21FFF7D9FE01982D21FFF7D5FE04B069
:1067B00080BD000080B584B000200390FFE70398FF
:1067C000052800F29780FFE7039800EB800040F275
:1067D000FC71C2F20001019101EB40124FF07E50BA
:1067E0005067039A02EB820201EB42129067039A10
:1067F000501C02EB820201EB421282F87C000398EB
:1068000000EB800001EB4012002002909064039A9C
:1068100002EB820201EB42125060039A02EB820209
:1068200001EB42129060039A02EB820201EB4212EA
:106830001061039A02EB820201EB42121062039A8A
:1068400002EB820201EB421349F69A12C3F69972E7
:10685000C3F88020039A02EB820201EB42134DF24F
:106860000A72C3F6A352C3F88420039A02EB820291
:1068700001EB421346F26662C3F6E672C3F8882063
:10688000039A02EB820201EB42134CF6CD42C3F6AF
:106890004C62C3F88C20039A02EB820201EB421394
:1068A00041F26F22C3F603329A63039A02EB82022B
:1068B00001EB4213022283F83C20039A02EB82028E
:1068C00001EB42125070039A02EB820201EB42127A
:1068D0009070039A02EB820201EB421282F84000B0
:1068E000039A02EB820252018854FFE703980130B9
:1068F000039064E70F2000901F21FFF72DFE009802
:106900001221FFF729FE00981321FFF725FE0098BA
:106910001421FFF721FE00981521FFF71DFE04B09A
:1069200080BD000070B592B09C4613460A460146F1
:10693000189D179CDDF858E01A98199E119510942F
:10694000CDF83CE0CDF838C00D930C920B918DF84A
:106950002B000B9800F00F0009900B98000908908D
:1069600000200790ADF81A00ADF818009DF82B1024
:106970000BA800F027FA08B9FFE760E10998013891
:1069800005900F98042840F0F580FFE708980A3832
:1069900001460191242800F2EB800199DFE811F013
:1069A000C000E800E800E800E800E800E800E800CF
:1069B000E800E800E800E800CE00DB00E800E800BE
:1069C000E800E800E800E800E8007A00E80090004D
:1069D000E800E800A700E800E800E800E800E800B8
:1069E000E8004F00E8005C002500059800EB8001FE
:1069F00040F2FC70C2F20000009000EB4112116AFC
:106A00001166059901EB810100EB411219990968A2
:106A10001162059901EB810100EB411090ED080A2C
:106A2000FEF732FE0098059901EB810100EB411061
:106A300090ED1E1A80EE010A80ED080A99E0059893
:106A400000EB800140F2FC70C2F2000000EB41114B
:106A50001998006888628CE0059800EB800140F28C
:106A6000FC70C2F2000000EB411219990968D16173
:106A7000059901EB810100EB411090ED070A90EDC3
:106A80001E2A9FED781A81EE021A20EE010A80ED8F
:106A9000070A6EE0002004901998006804909DEDAC
:106AA000040ABDEEC00A10EE100A059901EB81023E
:106AB00040F2FC71C2F2000101EB4211887058E013
:106AC000002003901998006803909DED030ABDEE25
:106AD000C00A10EE100A059901EB810240F2FC7128
:106AE000C2F2000101EB421181F8400041E00020B8
:106AF00002901998006802909DED020AFEF7C4FD0D
:106B0000059800EB800140F2FC70C2F2000000EB3F
:106B1000411090ED1E1A80EE010A80ED090A28E06E
:106B2000059800EB800140F2FC70C2F2000000EB1F
:106B3000411119980068C1F890001AE0059800EB1F
:106B4000800140F2FC70C2F2000000EB4111199884
:106B50000068C8620DE0059800EB800140F2FC700F
:106B6000C2F2000000EB411119980068086300E0D0
:106B7000FFE764E00F98082860D1FFE719980068E4
:106B80000790059800EB800140F2FC70C2F2000013
:106B900000EB4112116A11669DED070A9FED291A5B
:106BA00080EE010A9FED281A20EE010A9FED271AB8
:106BB00030EE010A059901EB810100EB411191EDE5
:106BC0001E1A80EE010A81ED080A19998988ADF82C
:106BD0001A10BDF91A1000EE101AB8EEC00A9FED97
:106BE0001C1A80EE010A9FED1B2A20EE020A9FED7F
:106BF0001A2A30EE020A059901EB810100EB4111DE
:106C000081ED070A1999C988ADF81810BDF9181057
:106C100000EE101AB8EEC00A80EE010A9FED0F1ABE
:106C200020EE010A9FED0E1A30EE010A059901EBE4
:106C3000810100EB411080ED0A0AFFE7FFE712B087
:106C400070BD00BF0000804F00409C4600401CC645
:106C500000FF7F4700009643000016C30000A042DB
:106C6000000020C20000704280B586B005AA0092E4
:106C700082ED000A8DF813008DF8121000200390A9
:106C8000029004208DF807009DF8130020B9FFE75B
:106C90000F208DF8130006E09DF81300072801D39C
:106CA000FFE752E0FFE79DF81200242805D0FFE738
:106CB0009DF812002E2817D1FFE7009890ED000AEA
:106CC000F9F75CFE00989DF8131001EB810240F289
:106CD000FC71C2F2000101EB421111ED0A1A20EE23
:106CE000010A80ED000A22E09DF81200232805D059
:106CF000FFE79DF812000A2818D1FFE700989DF8D9
:106D0000131001EB810240F2FC71C2F2000101EBB1
:106D1000421111ED0A1A9FED0E0A80EE011A90ED54
:106D2000000A80EE010A80ED000AFFE7FFE7059800
:106D300002909DF813009DF8121040EA01109DF892
:106D4000071002AAFFF74EFCFFE706B080BD00BFA8
:106D50000000704281B00090009890F8400008B99F
:106D6000FFE7FFE701B0704783B0019001208DF885
:106D700003009DF8030030B9FFE740F27800C2F24B
:106D80000000029005E040F2A010C2F20000029064
:106D9000FFE7029803B0704782B001908DF80310AE
:106DA000019801388DF8020001208DF801009DF84E
:106DB00001009DF80310401AB0FA80F0400902B0BB
:106DC0007047000080B584B002908DF807100298DB
:106DD000806820B1FFE700208DF80F0017E00298CF
:106DE000006800F00F000090009820B1FFE70098C5
:106DF000072804D3FFE700208DF80F0007E0009874
:106E00009DF80710FFF7C8FF8DF80F00FFE79DF80A
:106E10000F0004B080BD000080B584B003908DF8F1
:106E20000B100398407801460191032800F2BB80C3
:106E30000199DFE801F0B7310232039890ED010AC1
:106E400090ED111A30EE410A10EE100A03F0EEFD3B
:106E500041EC100B9FED581B50EC111BC20F51EC75
:106E6000100B62F3DF7141EC100B51EC100B9FED36
:106E7000580B53EC102B03F020FE60B9FFE703988A
:106E800090ED010A9DF80B002321FFF7EDFE039919
:106E900048684864FFE78AE089E0039890F8340086
:106EA000C00700285DD1FFE7039890ED020A90ED3E
:106EB000121A30EE410A10EE100A03F0B7FD41EC51
:106EC000100B9FED3D1B50EC111BC20F51EC100B32
:106ED00062F3DF7141EC100B51EC100B9FED380B9E
:106EE00053EC102B03F0E9FD60B9FFE703998868C4
:106EF0008864039890ED020A9DF80B002421FFF7A7
:106F0000B3FE2DE0039890ED020AB5EE400AF1EED3
:106F100010FA24D1FFE70398406A03F087FD41ECA3
:106F2000100B9FED251B50EC111BC20F51EC100BE9
:106F300062F3DF7141EC100B51EC100B9FED220B53
:106F400053EC102B03F0B9FD48B9FFE7039890ED1F
:106F5000020A9DF80B002421FFF786FEFFE7FFE7FA
:106F60001FE0039890F83500C007C8B1FFE7039809
:106F700090ED0E0A9DF80B001821FFF775FE03989F
:106F800090F83C0000EE100AB8EE400A9DF80B00A5
:106F90000F21FFF769FE0399002081F83500FFE714
:106FA000FFE704E0FFE7039900204870FFE704B023
:106FB00080BD00BF00BF00BF000000000000000057
:106FC00000000040E17A843F000000000000E03F44
:106FD000000000A09999B93F0020704780B584B0A7
:106FE00003908DF80B1003984078014601910B280F
:106FF0001FD80199DFE801F00606070D1D1D1D1DB4
:107000001D141D1816E00399002048600399486478
:1070100010E00399086A88600399086A886409E0A7
:1070200003990020087005E00399002081F84000D2
:1070300000E0FFE70398407800EE100AB8EE400A3F
:107040009DF80B001F210091FFF70EFE00999DF89F
:107050000B00FFF781FA04B080BD000081B08DF80D
:1070600003009DF9030000280ED4FFE79DF90310EB
:1070700001F01F02012090404A094EF20011CEF2A9
:10708000000141F82200FFE701B070474EF60C50B6
:10709000CEF200000068C0F30220704782B08DF885
:1070A000070000919DF9070000280AD4FFE7009827
:1070B00000019DF907104EF20042CEF20002885402
:1070C0000BE0009800019DF8071001F00F014EF64B
:1070D0001452CEF200028854FFE702B0704700005D
:1070E00082B08DF8070000919DF9070000280AD4AE
:1070F000FFE7009800019DF907104EF20042CEF222
:10710000000288540BE0009800019DF8071001F080
:107110000F014EF61452CEF200028854FFE702B07F
:107120007047000083B00290029800F007000090C2
:107130004EF60C51CEF200010868019001984FF60E
:10714000FF02104001900198009A40EA02200022BC
:10715000C0F2FA52104301900198086003B07047E2
:10716000704700007047000080B584B08DED020AC2
:10717000CDED010A9DED020A9DED011A30EE410AA6
:1071800010EE100A20F0004003F050FC41EC100B10
:1071900051EC100B9FED0A0B53EC102B03F07FFC0E
:1071A00020B9FFE701208DF80F0003E000208DF8E3
:1071B0000F00FFE79DF80F0004B080BD00BF00BFC7
:1071C0009A9999999999A93F81B08DF80300002067
:1071D00001B0704780B582B000200190FCF754F8F0
:1071E000FEF7F8FBFEF720F9FEF78CF8FEF770F9D2
:1071F000FEF7BAF9FEF706FAFDF772FFFEF722FA7C
:10720000FDF7FAFFF9F7D2F9F9F706FBFFF730F9C6
:10721000032001F003FAF9F747FDFFF7CBFA00F07E
:1072200021F8FEF7BBF800F041F8FFE7FEE70000A9
:1072300080B584B00290EFF305800390039820B1ED
:10724000FFE76FF00500019009E00020019002982F
:1072500020B1FFE7029802F00DF8FFE7FFE7019881
:1072600004B080BD82B0EFF305800190019820B199
:10727000FFE76FF00500009014E040F2A860C2F252
:107280000000006848B9FFE740F2A861C2F20001BF
:10729000012008600020009003E04FF0FF300090D4
:1072A000FFE7FFE7009802B07047000080B582B0AA
:1072B000EFF305800190019820B1FFE76FF0050022
:1072C000009019E040F2A860C2F2000000680128B6
:1072D0000DD1FFE7FEF72EFB40F2A861C2F20001DC
:1072E0000220086002F0EEF80020009003E04FF06A
:1072F000FF300090FFE7FFE7009802B080BD00007C
:10730000B0B58EB00B900A91099200200690EFF371
:1073100005800D900D98002840F09980FFE70B98AC
:10732000002800F09480FFE7802007901820059047
:10733000002008904FF0FF300490099800284DD0AD
:10734000FFE70998006820B1FFE7099800680890F6
:10735000FFE70998806920B1FFE7099880690590E7
:10736000FFE7059848B1FFE70598382805D8FFE7FB
:1073700009980079C00718B1FFE700200C9069E078
:107380000998406928B1FFE709984069800807908B
:10739000FFE70998806880B1FFE70998C0685C281A
:1073A0000BD3FFE70998006938B1FFE709984069F6
:1073B00018B1FFE7012004900FE00998806858B9E0
:1073C000FFE70998C06838B9FFE70998006918B95C
:1073D000FFE700200490FFE7FFE702E000200490B1
:1073E000FFE70498012817D1FFE70B980899079A3F
:1073F0000A9BDDF814C0DDF824E0DEF80850DEF862
:107400001040EE46CEF80850CEF80440CEF800C04A
:1074100002F044FE069019E00498B0B9FFE70B981B
:107420000899BDF81C200A9BDDF814C0EE4606AC96
:10743000CEF80440CEF800C002F0E0FD012803D0F1
:10744000FFE700200690FFE7FFE7FFE7FFE706986A
:107450000C90FFE70C980EB0B0BD000080B584B072
:107460000390029145F66400C2F2000000680090AB
:1074700040F6E870C2F200000068043001F0B2FC8F
:1074800008B9FFE700E0FFE70398013080B9FFE7A4
:10749000029868B1FFE740F6E870C2F200000068A9
:1074A000011D45F63C00C2F2000001F041FD3DE047
:1074B0000098039908440190019840F6E871C2F2DF
:1074C0000001096848600198009988420ED2FFE7E0
:1074D00040F6F870C2F20000006840F6E871C2F2AF
:1074E00000010968043101F0EDFC1EE040F6F07087
:1074F000C2F20000006840F6E871C2F200010968BB
:10750000043101F0DFFC019845F2C871C2F20001BC
:107510000968884207D2FFE7019845F2C871C2F2B4
:107520000001086000E0FFE7FFE7FFE704B080BD6F
:1075300080B582B0019001F023FD45F29C01C2F2BA
:10754000000108680130086040F6E870C2F20000EF
:10755000006898B9FFE7019840F6E871C2F20001AF
:10756000086045F29C00C2F200000068012803D1C7
:10757000FFE700F0F7FA00E0FFE71CE045F6300017
:10758000C2F200000068A0B9FFE740F6E870C2F25E
:1075900000000068C06A0199C96A884207D8FFE7FD
:1075A000019840F6E871C2F20001086000E0FFE7D0
:1075B00000E0FFE7FFE745F2A800C2F20000016823
:1075C000013101600068019948640198C06A45F280
:1075D000AC01C2F200010968884208D9FFE70198AE
:1075E000C06A45F2AC01C2F200010860FFE70199F0
:1075F000C86A00EB800241F20000C2F2000000EB1A
:107600008200043101F094FC01F0E6FC45F6300004
:10761000C2F200000068C8B1FFE740F6E870C2F2AD
:1076200000000068C06A0199C96A88420CD2FFE76D
:107630004EF60451CEF200014FF080500860BFF3C7
:107640004F8FBFF36F8F00E0FFE700E0FFE702B06E
:1076500080BD000080B584B001F092FC45F6680062
:10766000C2F200000068002840D1FFE745F26870D0
:10767000C2F20000029001F005FC45F27C70C2F2FB
:107680000000039001F0FEFB0299039840F6EC72B3
:10769000C2F20002116040F6FC71C2F20001086003
:1076A00069460020086040F6F462C2F2000240F62B
:1076B0009473C2F200030A20102102F0A9F80146D7
:1076C00045F66800C2F200000160006860B1FFE7A3
:1076D00045F66800C2F2000000684AF65A41C0F65A
:1076E000000101F06BFD00E0FFE700E0FFE701F0C3
:1076F00073FC04B080BD000080B582B0FFE745F2A6
:10770000A000C2F20000006808B3FFE701F038FCF7
:1077100045F65000C2F20000C068C06801900198B0
:10772000043001F05FFB45F29C01C2F200010868E1
:107730000138086045F2A001C2F200010868013872
:10774000086001F049FC019800F08CF8D7E702B01E
:1077500080BD000080B582B0019000910198006C5E
:10776000B8B1FFE70199C8680A6C1044C860019875
:107770008168C068884204D3FFE701990868C8603F
:1077800000E0FFE70098019AD168126CF8F7E4FD79
:10779000FFE702B080BD000080B586B0059004917F
:1077A0000392002002900598806B01900598006C70
:1077B00078B9FFE70598006848B9FFE70598806841
:1077C00002F0DCFD029005990020886000E0FFE7F0
:1077D00041E00398B8B9FFE7059A04995068126C24
:1077E000F8F7BAFD059948680A6C10444860059995
:1077F00048688968884204D3FFE7059908684860AB
:1078000000E0FFE726E0059A0499D068126CF8F7CB
:10781000A3FD0599C8680A6C801AC86005980168BC
:10782000C068884206D2FFE7059988680A6C801A0A
:10783000C86000E0FFE70398022809D1FFE701983C
:1078400020B1FFE701980138019000E0FFE700E078
:10785000FFE7FFE7FFE70198013005998863029889
:1078600006B080BD80B582B00090009890F85900B5
:1078700040B9FFE70098006B01F0D4FB009801F0DD
:10788000D1FB1CE0009890F85900012804D1FFE7D3
:10789000009801F0C7FB11E0009890F85900022809
:1078A0000BD0FFE74FF0500080F31188BFF36F8FCC
:1078B000BFF34F8F0190FFE7FEE7FFE7FFE702B05E
:1078C00080BD000082B0019040F6EC70C2F2000072
:1078D00000680068B0FA80F04009019908600198DA
:1078E000006848B9FFE740F6EC70C2F2000000689B
:1078F000C0680068009002E000200090FFE7009858
:1079000002B0704784B04FF47050009041F2904044
:10791000C2F2000001909DF80400400788B1FFE723
:10792000019807300190019820F007000190019A1A
:1079300041F29041C2F200010098891A0844009077
:10794000FFE701980290029945F63400C2F2000068
:107950000160002141600298009A10440190019852
:1079600008380190019820F007000190019A40F634
:10797000F470C2F200000260026851600268116097
:10798000029903910199039A891A51600068039939
:1079900008600398406845F2C471C2F200010860B3
:1079A0000398406845F2BC71C2F20001086045F2DC
:1079B0009071C2F200014FF00040086004B07047BF
:1079C00080B582B00190FFE7FFF796FE41F200001C
:1079D000C2F20000006802280CD3FFE74EF6045103
:1079E000CEF200014FF080500860BFF34F8FBFF31D
:1079F0006F8F00E0FFE7E7E780B584B0DDF818C0DF
:107A00000390029101928DF80330029818B9FFE7B4
:107A10000698006003E0019806990860FFE7039864
:107A20000699C8630298069908640698012101F036
:107A300077FF9DF80300069981F84C0004B080BDE3
:107A400080B588B0DDF834C0DDF830C0DDF82CC07A
:107A5000DDF828C006900591049203930C98006B02
:107A600004998900A522F8F7BCFC0C98006B0499D6
:107A700000EB810004380290029820F00700029089
:107A80009DF80800400758B1FFE74FF0500080F321
:107A90001188BFF36F8FBFF34F8F0790FFE7FEE7AB
:107AA0000598F8B1FFE700200190FFE701980F2843
:107AB00013D8FFE70598019A805C0C99114481F86E
:107AC000340005980199405C08B9FFE705E0FFE73D
:107AD000FFE7019801300190E8E70C99002081F858
:107AE000430004E00C99002081F83400FFE70A9875
:107AF000382803D3FFE737200A9000E0FFE70A9811
:107B00000C99C8620A980C99C8640C9900200090DE
:107B100008650C98043001F0CDF90C98183001F08C
:107B2000C9F900980C9909610A99C1F138010C9AB8
:107B300091610C9949620C9948650C9981F858003B
:107B400002980699039A00F0D1FC0C9908600B98F2
:107B500020B1FFE70C980B99086000E0FFE708B040
:107B600080BD000080B584B000200390FFE703983B
:107B7000372810D8FFE7039800EB800141F200009E
:107B8000C2F2000000EB810001F07CF9FFE70398EE
:107B900001300390EBE745F29470C2F200000190CF
:107BA00001F070F945F2A870C2F20000029001F0F5
:107BB00069F945F2DC70C2F2000001F063F945F6A4
:107BC0005000C2F2000001F05DF945F63C00C2F23F
:107BD000000001F057F90199029840F6F072C2F2E4
:107BE0000002116040F6F871C2F20001086004B0B2
:107BF00080BD000083B0029045F63400C2F2000060
:107C00000190FFE7019800680299884205D2FFE7DA
:107C1000FFE7019800680190F4E701980090009850
:107C20000199496808440299884209D1FFE70298FE
:107C3000426801994868104448600198029000E049
:107C4000FFE702980090009802994968084401995A
:107C50000968884220D1FFE70198006840F6F47176
:107C6000C2F20001096888420DD0FFE70198006860
:107C700042680299486810444860019800680068AA
:107C80000299086007E040F6F470C2F20000006854
:107C900002990860FFE704E0019800680299086013
:107CA000FFE701980299884204D0FFE70298019902
:107CB000086000E0FFE703B07047000080B586B0C1
:107CC0000590049103920293002001900498059975
:107CD00048600598006104980399884216D8FFE728
:107CE00003980299401A05998969884203D3FFE7EE
:107CF0000120019009E040F6FC70C2F2000000682B
:107D00000599043101F0DEF8FFE717E003980299C6
:107D1000884208D2FFE704980299884203D3FFE71C
:107D20000120019009E040F6EC70C2F2000000680A
:107D30000599043101F0C6F8FFE7FFE7019806B0A6
:107D400080BD000080B582B0019001F019F9019862
:107D5000806B18B9FFE70120009002E0002000903E
:107D6000FFE701F039F9009802B080BD80B582B01C
:107D7000019001F005F90198806B0199C96B884267
:107D800003D1FFE70120009002E000200090FFE710
:107D900001F022F9009802B080BD00000848006898
:107DA000006880F308884FF0000080F3148862B602
:107DB00061B6BFF34F8FBFF36F8F00DF00BF0000CE
:107DC00008ED00E080B586B00490039140F6EC70B9
:107DD000C2F200000068C068C068019001980430D9
:107DE00001F000F8019890F828004007002823D5FA
:107DF000FFE70198049B81691944039AFFF75EFF2E
:107E0000C0B1FFE70198049A694600230B60194648
:107E100002F0A0FC0290029858B9FFE74FF0500022
:107E200080F31188BFF36F8FBFF34F8F0590FFE78B
:107E3000FEE700E0FFE707E0019991F8280000F075
:107E4000FE0081F82800FFE70198016A884706B024
:107E500080BD000080B58EB0FFE745F66800C2F235
:107E60000000006807A9002201F074FF002800F05C
:107E7000B880FFE70798B0F1FF3F17DCFFE707A8DE
:107E800004300290029858B9FFE74FF0500080F399
:107E90001188BFF36F8FBFF34F8F0D90FFE7FEE7A1
:107EA00002990A6848688968904700E0FFE70798E8
:107EB000002800F19580FFE7099806900698406930
:107EC00028B1FFE70698043000F08CFF00E0FFE7E0
:107ED00005A800F0FBF8039007980190092800F22C
:107EE0007D800199DFE801F00505053D4566050542
:107EF0003D45069991F8280040F0010081F82800DE
:107F00000698089B81691944039AFFF7D7FE30B39E
:107F1000FFE70698016A8847069890F8280040070E
:107F200000281AD5FFE70698089982690A4469462D
:107F300000230B60194602F00DFC0490049858B918
:107F4000FFE74FF0500080F31188BFF36F8FBFF34E
:107F50004F8F0C90FFE7FEE700E0FFE700E0FFE750
:107F60003DE0069991F8280000F0FE0081F8280015
:107F700035E0069991F8280040F0010081F82800CA
:107F80000898069988610698806958B9FFE74FF00C
:107F9000500080F31188BFF36F8FBFF34F8F0B90AA
:107FA000FFE7FEE70698039B816919441A46FFF72D
:107FB00085FE14E0069890F828008007002804D475
:107FC000FFE7069801F02EF807E0069991F82800DF
:107FD00000F0FE0081F82800FFE700E0FFE7FFE780
:107FE0003BE70EB080BD000080B584B003900291E5
:107FF00001F0D8FA684600F069F801900098D8BB03
:10800000FFE7029860B9FFE703980199884207D813
:10801000FFE702F091FA03980199FFF7D3FE2AE0F7
:10802000029858B1FFE740F6FC70C2F20000006809
:108030000068B0FA80F040090290FFE745F668005A
:10804000C2F2000000680399019A891A029A01F0AD
:10805000DFF802F071FA60B9FFE74EF60451CEF294
:1080600000014FF080500860BFF34F8FBFF36F8F58
:1080700000E0FFE7FFE702E002F05EFAFFE704B08E
:1080800080BD000081B040F6F070C2F200000068D0
:10809000006840B9FFE745F2C871C2F200014FF035
:1080A000FF3008600FE040F6F070C2F20000006898
:1080B000C068C06800900098406845F2C871C2F27C
:1080C00000010860FFE701B07047000080B582B092
:1080D000019002F067F80090009840F6E471C2F257
:1080E00000010968884206D2FFE700F011F8019903
:1080F0000120086003E0019900200860FFE7009874
:1081000040F6E471C2F200010860009802B080BD40
:1081100080B588B0FFE740F6EC70C2F2000000685E
:10812000006800284ED0FFE740F6EC70C2F2000075
:108130000168C968096806910068C068C068039052
:108140000398043000F04EFE0398016A88470398B4
:1081500090F828004007002832D5FFE706980399D9
:108160008969084405900598069988420FD9FFE768
:108170000598039948600398006140F6EC70C2F2DC
:10818000000000680399043100F09CFE17E003989A
:10819000069A694600230B60194602F0DBFA02904A
:1081A000029858B9FFE74FF0500080F31188BFF3F1
:1081B0006F8FBFF34F8F0790FFE7FEE7FFE700E009
:1081C000FFE7A8E740F6EC72C2F2000210680490E4
:1081D00040F6FC71C2F20001086810600498086063
:1081E00008B080BD83B00020009040F20C00C2F2C5
:1081F00000000068013058B1FFE74FF0500080F3F5
:108200001188BFF36F8FBFF34F8F0290FFE7FEE738
:108210004FF0500080F31188BFF36F8FBFF34F8F83
:108220000190FFE7009808B9FFE7FBE703B070474C
:1082300080B584B00390FFE701A8FFF743FB0290ED
:1082400002980199FFF7D0FEFFF704FEF4E7000063
:1082500080B582B0019000F093FE019890F845003F
:108260008DF80300FFE79DF90300012816DBFFE707
:108270000198406A58B1FFE70198243002F0F4F801
:1082800018B1FFE701F0CAF800E0FFE700E005E001
:108290009DF8030001388DF80300E4E70199FF2001
:1082A00081F8450000F098FE00F06AFE019890F811
:1082B00044008DF80200FFE79DF90200012816DB5B
:1082C000FFE70198006980B1FFE70198103002F0E4
:1082D000CBF818B1FFE701F0A1F800E0FFE79DF847
:1082E000020001388DF8020000E000E0E4E70199A7
:1082F000FF2081F8440000F06FFE02B080BD000056
:1083000080B58AB006900020029001F04BF940F64B
:10831000F470C2F20000006818B9FFE7FFF7F2FA44
:1083200000E0FFE7069845F29071C2F2000109688B
:10833000084240F0C580FFE7069800B3FFE70698C3
:10834000083006909DF818004007B0B1FFE7069886
:1083500020F00700083006909DF81800400758B13B
:10836000FFE74FF0500080F31188BFF36F8FBFF32A
:108370004F8F0990FFE7FEE700E0FFE700E0FFE72F
:108380000698002800F09A80FFE7069845F2BC7135
:10839000C2F200010968884200F29080FFE745F6CA
:1083A0003400C2F20000049000680590FFE70598D1
:1083B0004168069A00209142019007D2FFE7059894
:1083C0000068002818BF01200190FFE70198C0074E
:1083D00030B1FFE705980490059800680590E6E73E
:1083E000059840F6F471C2F200010968884263D032
:1083F000FFE7049800680830029005980068049927
:108400000860059840680699401A112821D3FFE7B3
:1084100005980699084403909DF80C00400758B150
:10842000FFE74FF0500080F31188BFF36F8FBFF369
:108430004F8F0890FFE7FEE7059840680699401ABD
:10844000039948600698059948600398FFF7D2FBA6
:1084500000E0FFE70598426845F2BC70C2F20000F8
:108460000168891A0160006845F2C471C2F2000116
:10847000096888420BD2FFE745F2BC70C2F20000E7
:10848000006845F2C471C2F20001086000E0FFE735
:1084900045F29070C2F200000268059948681043E6
:1084A000486005990020086045F2D071C2F20001D1
:1084B00008680130086000E0FFE700E0FFE700E047
:1084C000FFE702F039F89DF80800400758B1FFE7D0
:1084D0004FF0500080F31188BFF36F8FBFF34F8FC1
:1084E0000790FFE7FEE702980AB080BD83B00290D4
:1084F0000191009202980438029002994FF0807026
:108500000860029804380290019820F00100029956
:108510000860029804380290029948F2E510C0F60B
:1085200000000860029814380290009802990860D0
:1085300002980438029002996FF0020008600298D5
:1085400020380290029803B07047000080B584B0D4
:1085500003900291029800780399097A884201D128
:10856000FFE740E00298007803990872002001902C
:10857000FFE70198032829DCFFE70298007800074D
:10858000002807D5FFE70399086889880122FAF7D0
:108590004FFE06E00399086889880022FAF748FE32
:1085A000FFE7029908784000087003990868C988B5
:1085B0000122FAF73DFE03990868C9880022FAF7FC
:1085C00037FEFFE7019801300190D2E70399086870
:1085D000C9880122FAF72CFE03990868C98800228D
:1085E000FAF726FEFFE704B080BD000083B00290DA
:1085F0000191ADF80220ADF80030019802990860B1
:10860000BDF8020002998880BDF800000299C88078
:108610000299F020087203B07047000080B594B052
:108620008DF84F0000201290119010900F900E9036
:108630009DF84F0001460A91012808D0FFE70A98EB
:10864000022839D0FFE70A98032867D09DE041F25D
:108650006440C2F200000021C4F202014FF4007233
:108660004FF48063FFF7C2FFFFE700200D9043F651
:108670003000C4F20200016841F0010101600068AD
:1086800000F001000D900D98FFE70020C4F20200F9
:1086900009904FF4C061079100220892FAF7C8FDD3
:1086A0000799089A09980E9101210F911092119142
:1086B0000EA9FAF7E1FB69E041F27040C2F2000056
:1086C0000021C4F2020104220823FFF78FFFFFE715
:1086D00000200C9043F63000C4F20200016841F023
:1086E00001010160006800F001000C900C98FFE7A8
:1086F0000020C4F2020006900C2104910022059291
:10870000FAF796FD0499059A06980E9101210F91AA
:10871000109211910EA9FAF7AFFB37E041F27C40BD
:10872000C2F2000040F60001C4F202014FF4806280
:108730004FF40063FFF75AFFFFE700200B9043F66A
:108740003000C4F20200016841F0040101600068D9
:1087500000F004000B900B98FFE740F60000C4F215
:10876000020003904FF44061019100220292FAF757
:108770005FFD0199029A03980E9101210F911092C9
:1087800011910EA9FAF778FB00E0FFE79DF84F0082
:10879000002100F003F814B080BD000080B582B065
:1087A0008DF807008DF806109DF8060000F00F0008
:1087B0008DF805009DF8070001460091012808D0BA
:1087C000FFE7009802280DD0FFE70098032812D099
:1087D0001AE041F26440C2F200000DF10501FFF71A
:1087E000B5FE12E041F27040C2F200000DF1050149
:1087F000FFF7ACFE09E041F27C40C2F200000DF14F
:108800000501FFF7A3FE00E0FFE702B080BD000016
:1088100080B59AB01890BDF86000ADF864009DF87E
:108820006400014617910B2800F2DC811799DFE8FC
:1088300011F00C001B0043008500AB00D1001301B8
:1088400039017B01A101C701D00140F2C821C2F268
:1088500000010020487081F8F50040F2A061C2F2EA
:10886000000101200870BDE140F2C820C2F2000002
:108870000121417080F8F5100021C161C0F810118C
:1088800090ED0E0ADFEDDD0AFEF76EFC98B1FFE712
:1088900040F2C820C2F2000090ED4B0ADFEDD70A8B
:1088A000FEF762FC38B1FFE740F2A061C2F20001BE
:1088B00001200870FFE795E19FEDCC0A8DED150AC8
:1088C000FCF7B0FB40F2C820C2F20000149080ED2B
:1088D000070AB7EE000AFCF7A5FB1498B0EE401AA1
:1088E0009DED150A80ED441A90ED0E1A8DED161AC5
:1088F000FCF798FBF0EE400A9DED160AFEF734FCFB
:10890000D8B1FFE740F2C820C2F2000090ED4B0A58
:108910008DED130AB7EE000AFCF784FBF0EE400A77
:108920009DED130AFEF720FC38B1FFE740F2A0618D
:10893000C2F2000101200870FFE753E19FEDAE0A8B
:108940008DED110AFCF76EFBB0EE401A9DED110A99
:1089500040F2C820C2F2000080ED071A90ED0E1A16
:108960008DED121AFCF75EFBF0EE400A9DED120A47
:10897000FEF7FAFB38B1FFE740F2A061C2F2000156
:1089800001200870FFE72DE1B3EE040A8DED0F0A18
:10899000FCF748FBB0EE401A9DED0F0A40F2C820EC
:1089A000C2F2000080ED071A90ED0E1A8DED101A3C
:1089B000FCF738FBF0EE400A9DED100AFEF7D4FB01
:1089C00038B1FFE740F2A061C2F200010120087057
:1089D000FFE707E19FED870A8DED0D0AFCF722FB0B
:1089E00040F2C820C2F200000C9080ED070AB7EEFA
:1089F000000AFCF717FB0C98B0EE401A9DED0D0A2B
:108A000080ED441A90ED0E1A8DED0E1AFCF70AFB5C
:108A1000F0EE400A9DED0E0AFEF7A6FBD8B1FFE787
:108A200040F2C820C2F2000090ED4B0A8DED0B0A17
:108A3000B7EE000AFCF7F6FAF0EE400A9DED0B0ADD
:108A4000FEF792FB38B1FFE740F2A061C2F20001ED
:108A500001200870FFE7C5E09FED650A8DED090A6A
:108A6000FCF7E0FAB0EE401A9DED090A40F2C8208A
:108A7000C2F2000080ED071A90ED0E1A8DED0A1A71
:108A8000FCF7D0FAF0EE400A9DED0A0AFEF76CFB07
:108A900038B1FFE740F2A061C2F200010120087086
:108AA000FFE79FE09FED510A8DED070AFCF7BAFA48
:108AB00040F2C820C2F20000069080ED070AB7EE2F
:108AC000000AFCF7AFFA0698B0EE401A9DED070ACF
:108AD00080ED441A90ED0E1A8DED081AFCF7A2FAFB
:108AE000F0EE400A9DED080AFEF73EFBD8B1FFE725
:108AF00040F2C820C2F2000090ED4B0A8DED050A4D
:108B0000B7EE000AFCF78EFAF0EE400A9DED050A7A
:108B1000FEF72AFB38B1FFE740F2A061C2F2000184
:108B200001200870FFE75DE09FED2F0A8DED030A3D
:108B3000FCF778FAB0EE401A9DED030A40F2C82027
:108B4000C2F2000080ED071A90ED0E1A8DED041AA6
:108B5000FCF768FAF0EE400A9DED040AFEF704FB0C
:108B600038B1FFE740F2A061C2F2000101200870B5
:108B7000FFE737E0B3EE040A8DED010AFCF752FA85
:108B8000B0EE401A9DED010A40F2C820C2F200008A
:108B900080ED071A90ED0E1A8DED021AFCF742FADD
:108BA000F0EE400A9DED020AFEF7DEFA38B1FFE76B
:108BB00040F2A061C2F2000101200870FFE711E05D
:108BC000FEF7D0FA40F2A061C2F200010120087065
:108BD00008E0FEF7C5FA40F2A061C2F200010120F0
:108BE0000870FFE71AB080BD00008C4200004842C8
:108BF0000000A0420000204200007042000000007F
:108C0000B0B589B00F9CDDF838E0DDF834C0109DB8
:108C10000894CDF81CE0CDF818C005930492039198
:108C200002900498042813D1FFE7059880B9FFE764
:108C3000029840F20141C0F20111884208D3FFE7D7
:108C4000029840F20941C0F20111884201D3FFE7C6
:108C5000C6E003984EF6C071CFF6EF7108448DF868
:108C600007009DF80700013801460091072800F22F
:108C7000B7800099DFE801F00426485A6C7E90A284
:108C8000109800784D280CD1FFE710984078012803
:108C900007D1FFE741F28841C2F20001012048708C
:108CA000FFE7109800784D280BD1FFE71098407827
:108CB00038B9FFE741F28841C2F200010020487054
:108CC000FFE78DE01098007852280CD1FFE710984C
:108CD0004078012807D1FFE741F28841C2F2000144
:108CE0000A204870FFE71098007852280BD1FFE760
:108CF0001098407838B9FFE741F28841C2F200018C
:108D00000B204870FFE76BE01098007847280CD1E3
:108D1000FFE710984078452807D1FFE741F28841E6
:108D2000C2F2000102204870FFE759E01098007875
:108D300050280CD1FFE710984078452807D1FFE76D
:108D400041F28841C2F2000104204870FFE747E089
:108D50001098007847280CD1FFE7109840785328E6
:108D600007D1FFE741F28841C2F2000105204870B7
:108D7000FFE735E01098007854280CD1FFE71098F1
:108D80004078532807D1FFE741F28841C2F2000141
:108D900006204870FFE723E01098007847280CD1A0
:108DA000FFE710984078422807D1FFE741F2884159
:108DB000C2F2000107204870FFE711E01098007828
:108DC00050280CD1FFE710984078422807D1FFE7E0
:108DD00041F28841C2F2000109204870FFE7FFE735
:108DE00009B0B0BD82B0019001980069009001986F
:108DF000416880688860019948688968486000987F
:108E000040680199884205D1FFE701988068009980
:108E1000486000E0FFE701990020086100990868B8
:108E2000013808600098006802B0704783B0029073
:108E300001910092029945F2B020C2F20000086050
:108E4000019945F2B000C2F200000860009980204C
:108E5000086003B07047000083B002900191009257
:108E6000029945F20C70C2F200000860019945F2C7
:108E70000C30C2F20000086000994FF48070086066
:108E800003B0704781B00090009901F1080048607C
:108E900000994FF0FF308860009901F10800C86028
:108EA000009901F10800086100990020086001B0F4
:108EB0007047000081B0009000990020086101B067
:108EC0007047000084B003900291029800680090FF
:108ED0000098013020B9FFE703980069019010E085
:108EE000039808300190FFE70198406800680099F6
:108EF000884205D8FFE7FFE7019840680190F3E753
:108F0000FFE70198406802994860029841688860CC
:108F10000198029988600298019948600398029923
:108F20000861039908680130086004B070470000C8
:108F300083B00290019102984068009000980199D6
:108F40004860009880680199886001980099896854
:108F50004860019800998860029801990861029917
:108F600008680130086003B070470000DFF80C00AB
:108F7000016841F4700101607047000088ED00E075
:108F800082B04FF0500080F31188BFF36F8FBFF3B2
:108F90004F8F019040F20C00C2F2000001680131D5
:108FA00001600068012814D1FFE74EF60450CEF2AC
:108FB00000000068000658B1FFE74FF0500080F352
:108FC0001188BFF36F8FBFF34F8F0090FFE7FEE76D
:108FD000FFE702B07047000082B040F20C00C2F21E
:108FE0000000006858B9FFE74FF0500080F3118887
:108FF000BFF36F8FBFF34F8F0090FFE7FEE740F2A4
:109000000C00C2F20000016801390160006830B94B
:10901000FFE700200190019880F31188FFE702B07C
:109020007047000080B586B00390039802900398C3
:1090300000285CD0FFE7029808380290029801905F
:109040000198406845F29071C2F200010968084237
:109050000BD1FFE74FF0500080F31188BFF36F8F03
:10906000BFF34F8F0590FFE7FEE70198006858B106
:10907000FFE74FF0500080F31188BFF36F8FBFF30D
:109080004F8F0490FFE7FEE70198406845F290712A
:10909000C2F200010968084227D0FFE70198006882
:1090A00008BBFFE745F29070C2F200000268019928
:1090B00048689043486000F075FA0198426845F2AC
:1090C000BC71C2F200010868104408600198FEF704
:1090D00091FD45F2D471C2F20001086801300860C8
:1090E00001F02AFA00E0FFE700E0FFE7FFE706B043
:1090F00080BD00004EF21001CEF200010020086099
:109100004EF21802CEF20002106040F20000C2F2ED
:109110000000006844F6D352C1F26202A0FB0202D2
:109120004FF0FF3000EB92104EF21402CEF200022C
:10913000106007200860704784B0EFF3058001904D
:10914000019810281ED3FFE701984EF2F031CEF2BD
:109150000001405C8DF803009DF8030045F290018A
:10916000C2F20001097888420BDAFFE74FF05000A5
:1091700080F31188BFF36F8FBFF34F8F0390FFE72A
:10918000FEE7FFE74EF60C50CEF20000006800F458
:10919000E06045F29401C2F20001096888420BD9EF
:1091A000FFE74FF0500080F31188BFF36F8FBFF3DC
:1091B0004F8F0290FFE7FEE704B0704783B0029044
:1091C000019100200090FFE7009807281DD8FFE7D5
:1091D000009945F2F070C2F2000050F8310070B909
:1091E000FFE70198009A45F2F071C2F2000141F8E0
:1091F00032000298009A01EBC201486005E0FFE7E7
:10920000FFE7009801300090DEE703B070470000F0
:1092100080B584B003900291019203980090FFF70B
:10922000AFFE009890F94400013028B9FFE700999B
:10923000002081F84400FFE7009890F945000130D4
:1092400028B9FFE70099002081F84500FFE7FFF704
:10925000C3FE0098806B38B9FFE70098243002996C
:10926000019A00F005F900E0FFE70098FEF7F0FF33
:1092700004B080BD80B584B00290002001900298B7
:10928000E0B1FFE745F2A400C2F20000006858B167
:10929000FFE74FF0500080F31188BFF36F8FBFF3EB
:1092A0004F8F0390FFE7FEE700F07CF90298002162
:1092B000FEF7D4F801F040F9019000E0FFE70198D3
:1092C00060B9FFE74EF60451CEF200014FF0805036
:1092D0000860BFF34F8FBFF36F8F00E0FFE704B06C
:1092E00080BD000080B58AB00690059100200290F4
:1092F000069858B9FFE74FF0500080F31188BFF38C
:109300006F8FBFF34F8F0990FFE7FEE7059858B9BD
:10931000FFE74FF0500080F31188BFF36F8FBFF36A
:109320004F8F0890FFE7FEE745F2A400C2F200006D
:10933000006858B1FFE74FF0500080F31188BFF389
:109340006F8FBFF34F8F0790FFE7FEE700F02AF91A
:1093500045F66400C2F200000068019006980068BB
:10936000059908440490019806990968884210D22A
:10937000FFE7049806990968884208D2FFE7049835
:109380000199884203D9FFE70120029000E0FFE73E
:109390000FE0049806990968884205D3FFE704980E
:1093A0000199884203D9FFE70120029000E0FFE71E
:1093B000FFE7049806990860029838B1FFE704981F
:1093C0000199401A0021FEF749F800E0FFE701F09B
:1093D000B3F80390039860B9FFE74EF60451CEF25C
:1093E00000014FF080500860BFF34F8FBFF36F8FC5
:1093F00000E0FFE70AB080BD81B0009045F2CC707C
:10940000C2F2000000680099086045F66400C2F2EC
:10941000000000680099486001B0704745F670018F
:10942000C2F20001012008607047000080B584B0DE
:1094300002900191029858B9FFE74FF0500080F375
:109440001188BFF36F8FBFF34F8F0390FFE7FEE7E5
:10945000029840F6E871C2F2000109681831FFF77E
:1094600031FD01980121FDF7F9FF04B080BD000036
:1094700080B584B0029001910092029858B9FFE73C
:109480004FF0500080F31188BFF36F8FBFF34F8F01
:109490000390FFE7FEE7029840F6E871C2F2000190
:1094A00009681831FFF744FD009820B1FFE74FF03D
:1094B000FF300190FFE701980099FDF7CFFF04B05E
:1094C00080BD000080B58AB0002003900690059012
:1094D00006A805A904AAFFF7A9FC039B049A05990D
:1094E000DDF818C06846C0F808C04160036047F660
:1094F000C110C0F600004AF65541C0F6000100F068
:10950000CDFD014645F2C070C2F200000160006866
:1095100018B1FFE70120079002E000200790FFE765
:109520000798012804D1FFE701F0CAF8079000E08E
:10953000FFE70798012823D1FFE74FF0500080F3A1
:109540001188BFF36F8FBFF34F8F099045F2C87139
:10955000C2F200014FF0FF30086045F63001C2F260
:1095600000010120086045F66401C2F200010020FC
:10957000086000F083F808B1FFE700E0FFE70FE0C4
:109580000798013058B9FFE74FF0500080F3118879
:10959000BFF36F8FBFF34F8F0890FFE7FEE7FFE742
:1095A0000AB080BD45F2A401C2F200010868013092
:1095B0000860704783B045F2A400C2F20000006862
:1095C00038B1FFE745F67001C2F2000101200860E2
:1095D00051E045F67001C2F200010020086045F23A
:1095E000AC00C2F2000000680190FFE7019800EBB8
:1095F000800141F20000C2F2000050F8210090B951
:10960000FFE7019858B9FFE74FF0500080F3118849
:10961000BFF36F8FBFF34F8F0290FFE7FEE7019814
:1096200001380190E2E7019800EB800141F200006F
:10963000C2F2000000EB8100009000994868406889
:109640004860009948680831884205D1FFE70099D1
:10965000486840684860FFE700984068C06840F686
:10966000E871C2F200010860019845F2AC01C2F253
:1096700000010860FFE703B07047000080B588B0C4
:109680004EF60050CEF2000000684CF27121C4F298
:109690000F1188420BD1FFE74FF0500080F3118883
:1096A000BFF36F8FBFF34F8F0790FFE7FEE74EF6D4
:1096B0000050CEF2000000684CF27021C4F20F118D
:1096C00088420BD1FFE74FF0500080F31188BFF3C1
:1096D0006F8FBFF34F8F0690FFE7FEE74EF200401B
:1096E000CEF20000039001780491FF210170007810
:1096F0008DF80B009DF80B0000F0500045F2900132
:10970000C2F20001087045F29401C2F20001072084
:109710000860FFE79DF80B00000600280DD5FFE765
:1097200045F29401C2F200010868013808609DF812
:109730000B0040008DF80B00ECE745F29400C2F2FC
:109740000000006803280BD0FFE74FF0500080F3C3
:109750001188BFF36F8FBFF34F8F0590FFE7FEE7D0
:1097600045F29401C2F2000108680002086008682E
:1097700000F4E060086004984EF20041CEF200016F
:1097800008704EF62051CEF20001086840F47000D7
:109790000860086840F070400860FFF7ABFC40F2DA
:1097A0000C01C2F20001002001900860FFF7DEFB0F
:1097B0004EF63471CEF20001086840F04040086077
:1097C000FEF7ECFAFFF7F6FEFEF70CFD019808B085
:1097D00080BD000080B582B04FF0500080F311884A
:1097E000BFF36F8FBFF34F8F009000F0E5FC40B1E7
:1097F000FFE74EF60451CEF200014FF080500860B2
:10980000FFE700200190019880F3118802B080BD2D
:1098100080B590B084461298CDF828C0099108927E
:1098200007938DF81B000A9858B9FFE74FF05000D6
:1098300080F31188BFF36F8FBFF34F8F0F90FFE757
:10984000FEE7079858B9FFE74FF0500080F3118802
:10985000BFF36F8FBFF34F8F0E90FFE7FEE70899BE
:109860000020039031B1FFE70998B0FA80F0400979
:109870000390FFE70398C00758B1FFE74FF050008F
:1098800080F31188BFF36F8FBFF34F8F0D90FFE709
:10989000FEE708990020029031B9FFE709980028F7
:1098A00018BF01200290FFE70298C00758B1FFE7F8
:1098B0004FF0500080F31188BFF36F8FBFF34F8FCD
:1098C0000C90FFE7FEE750200490049850280BD03E
:1098D000FFE74FF0500080F31188BFF36F8FBFF3A5
:1098E0004F8F0B90FFE7FEE70498079805900598C7
:1098F00088B1FFE70599012081F846000A98099987
:10990000089A9DF81B30DDF814C0EE46CEF800C072
:10991000FEF772F800E0FFE7059810B080BD000088
:1099200080B584B00290019102980090009858B9D7
:10993000FFE74FF0500080F31188BFF36F8FBFF344
:109940004F8F0390FFE7FEE7FFF71AFB00990B68C4
:10995000C86B0A6C00FB02308860009900208863A5
:1099600000990868486000990B68C86B0A6C013858
:1099700000FB0230C8600099FF2081F84400009984
:1099800081F845000198D0B9FFE700980069A0B1BF
:10999000FFE70098103000F067FD60B1FFE74EF67A
:1099A0000451CEF200014FF080500860BFF34F8F9A
:1099B000BFF36F8F00E0FFE700E0FFE708E00098EB
:1099C0001030FFF75FFA00982430FFF75BFAFFE7EB
:1099D000FFF702FB012004B080BD000080B592B00B
:1099E0000C900B910A920993002008900C98049017
:1099F000049858B9FFE74FF0500080F31188BFF387
:109A00006F8FBFF34F8F1190FFE7FEE70B99002098
:109A1000039039B9FFE70498006C002818BF0120B3
:109A20000390FFE70398C00758B1FFE74FF05000DD
:109A300080F31188BFF36F8FBFF34F8F1090FFE754
:109A4000FEE7099900200229029007D1FFE7049858
:109A5000C06B013818BF01200290FFE70298C007D1
:109A600058B1FFE74FF0500080F31188BFF36F8FBC
:109A7000BFF34F8F0F90FFE7FEE700F077FB014643
:109A80000020019031B9FFE70A98002818BF012093
:109A90000190FFE70198C00758B1FFE74FF0500071
:109AA00080F31188BFF36F8FBFF34F8F0E90FFE7E6
:109AB000FEE7FFE7FFF764FA0498806B0499C96B2F
:109AC000884204D3FFE70998022834D1FFE70498BD
:109AD0000B99099AFDF760FE07900498406AA0B1BF
:109AE000FFE70498243000F0BFFC60B1FFE74EF6BA
:109AF0000451CEF200014FF080500860BFF34F8F49
:109B0000BFF36F8F00E0FFE710E0079860B1FFE759
:109B10004EF60451CEF200014FF080500860BFF3C2
:109B20004F8FBFF36F8F00E0FFE7FFE7FFF754FAB7
:109B300001200D9065E00A9828B9FFE7FFF74CFA7D
:109B400000200D905DE0089830B9FFE705A8FFF709
:109B500053FC0120089000E0FFE7FFE7FFE7FFF775
:109B60003BFAFFF71FFDFFF70BFA049890F944004A
:109B7000013028B9FFE70499002081F84400FFE78D
:109B8000049890F94500013028B9FFE704990020B6
:109B900081F84500FFE7FFF71FFA05A80AA900F0C2
:109BA000C7F928BBFFE70498FEF7E0F8C8B1FFE764
:109BB000049810300A99FFF739FC0498FEF748FB27
:109BC00000F0BAFC60B9FFE74EF60451CEF2000196
:109BD0004FF080500860BFF34F8FBFF36F8FFFE7E8
:109BE00005E00498FEF734FB00F0A6FCFFE707E071
:109BF0000498FEF72DFB00F09FFC00200D9000E084
:109C000058E70D9812B080BD80B592B00B900A91C4
:109C1000099208930B980590059858B9FFE74FF003
:109C2000500080F31188BFF36F8FBFF34F8F0E90FA
:109C3000FFE7FEE70A990020029039B9FFE705988F
:109C4000006C002818BF01200290FFE70298C007AF
:109C500058B1FFE74FF0500080F31188BFF36F8FCA
:109C6000BFF34F8F0D90FFE7FEE708990020022910
:109C7000019007D1FFE70598C06B013818BF01209C
:109C80000190FFE70198C00758B1FFE74FF050007F
:109C900080F31188BFF36F8FBFF34F8F0C90FFE7F6
:109CA000FEE7FFF749FAEFF311814FF0500080F320
:109CB0001188BFF36F8FBFF34F8F10910F901098E3
:109CC00006900598806B0599C96B884204D3FFE71D
:109CD0000898022833D1FFE7059890F845008DF8E1
:109CE00013000598806B039005980A99089AFDF770
:109CF00053FD9DF913000130B8B9FFE70598406A9C
:109D000088B1FFE70598243000F0AEFB48B1FFE7CB
:109D1000099820B1FFE709990120086000E0FFE7FA
:109D200000E0FFE700E0FFE706E09DF813000130E8
:109D3000059981F84500FFE70120079002E0002027
:109D40000790FFE706981190119880F31188079803
:109D500012B080BD80B58EB00990089107920020A6
:109D6000069009980390039858B9FFE74FF0500008
:109D700080F31188BFF36F8FBFF34F8F0D90FFE714
:109D8000FEE708990020019039B9FFE70398006CBD
:109D9000002818BF01200190FFE70198C00758B1C3
:109DA000FFE74FF0500080F31188BFF36F8FBFF3D0
:109DB0004F8F0C90FFE7FEE700F0D8F90146002036
:109DC000009031B9FFE70798002818BF01200090E4
:109DD000FFE70098C00758B1FFE74FF0500080F34D
:109DE0001188BFF36F8FBFF34F8F0B90FFE7FEE734
:109DF000FFE7FFF7C5F80398806B0290029830B335
:109E0000FFE703980899FDF7A5FC0298013803992C
:109E1000886303980069A0B1FFE70398103000F051
:109E200023FB60B1FFE74EF60451CEF200014FF084
:109E300080500860BFF34F8FBFF36F8F00E0FFE7E4
:109E400000E0FFE7FFF7C8F801200A906DE00798EF
:109E500028B9FFE7FFF7C0F800200A9065E00698F0
:109E600030B9FFE704A8FFF7C7FA0120069000E029
:109E7000FFE7FFE7FFE7FFF7AFF8FFF793FBFFF719
:109E80007FF8039890F94400013028B9FFE703995F
:109E9000002081F84400FFE7039890F94500013065
:109EA00028B9FFE70399002081F84500FFE7FFF795
:109EB00093F804A807A900F03BF830BBFFE703982C
:109EC000FDF740FFD0B1FFE7039824300799FFF773
:109ED000ADFA0398FEF7BCF900F02EFB60B9FFE77E
:109EE0004EF60451CEF200014FF080500860BFF3EF
:109EF0004F8FBFF36F8F00E0FFE705E00398FEF799
:109F0000A7F900F019FBFFE70EE00398FEF7A0F9B0
:109F100000F012FB0398FDF715FF18B1FFE70020D2
:109F20000A9002E0FFE7FFE763E70A980EB080BD02
:109F300080B588B005900491059858B9FFE74FF0B7
:109F4000500080F31188BFF36F8FBFF34F8F0790DE
:109F5000FFE7FEE7049858B9FFE74FF0500080F3A1
:109F60001188BFF36F8FBFF34F8F0690FFE7FEE7B7
:109F7000FFF706F845F66400C2F2000000680290A0
:109F8000029805994968401A0190049800680130C8
:109F900018B9FFE7002003902BE045F2CC70C2F225
:109FA0000000006805990968884209D0FFE7029817
:109FB00005994968884203D3FFE70120039017E021
:109FC00001980499096888420BD2FFE7019A049925
:109FD0000868801A08600598FFF70EFA00200390C1
:109FE00005E004990020086001200390FFE7FFE7E7
:109FF000FFE7FEF7F1FF039808B080BD70B58CB0A5
:10A00000DDF844C0DDF840C00B900A91ADF8262081
:10A010000893BDF826008000FEF772F905900598B8
:10A0200080B1FFE75C20FEF76BF90790079820B13D
:10A03000FFE705980799086303E00598FEF7F2FF2C
:10A04000FFE702E000200790FFE70798F0B1FFE785
:10A050000798002680F859600B980A99BDF82620C9
:10A06000089BDDF840C0119C079DEE46CEF80C60C1
:10A07000CEF80850CEF80440CEF800C0FDF7E0FC62
:10A080000798FDF755FA0120069003E04FF0FF30E6
:10A090000690FFE706980CB070BD0000B0B58EB01A
:10A0A000DDF850C0DDF84CC0DDF848C00A900991D9
:10A0B00008920793139858B9FFE74FF0500080F3C8
:10A0C0001188BFF36F8FBFF34F8F0D90FFE7FEE74F
:10A0D000149858B9FFE74FF0500080F31188BFF390
:10A0E0006F8FBFF34F8F0C90FFE7FEE75C2004906B
:10A0F00004985C280BD0FFE74FF0500080F31188E4
:10A10000BFF36F8FBFF34F8F0B90FFE7FEE704980D
:10A11000149820B3FFE7139808B3FFE7149806904C
:10A120001398069908630699022081F859000A9845
:10A130000999089A079BDDF848C0069CEE46002561
:10A14000CEF80C50CEF8084005ACCEF80440CEF85E
:10A1500000C0FDF775FC0698FDF7EAF902E0002063
:10A160000590FFE705980EB0B0BD000081B045F640
:10A170003000C2F20000006818B9FFE7012000902B
:10A180000DE045F2A400C2F20000006818B9FFE734
:10A190000220009002E000200090FFE7FFE7009817
:10A1A00001B0704781B045F66400C2F2000000685B
:10A1B0000090009801B0704780B586B000200290F2
:10A1C00045F2A400C2F200000068002840F0CB80F5
:10A1D000FFE745F66401C2F2000108680130019012
:10A1E00001980860019858BBFFE740F6F070C2F292
:10A1F00000000068006858B1FFE74FF0500080F39E
:10A200001188BFF36F8FBFF34F8F0590FFE7FEE715
:10A2100040F6F072C2F200021068009040F6F87149
:10A22000C2F20001086810600098086045F2CC7125
:10A23000C2F20001086801300860FDF723FF00E06A
:10A24000FFE7019845F2C871C2F20001096888422F
:10A2500068D3FFE7FFE740F6F070C2F20000006845
:10A26000006840B9FFE745F2C871C2F200014FF043
:10A27000FF30086055E040F6F070C2F20000006860
:10A28000C068C068049004984068039001980399DE
:10A29000884207D2FFE7039845F2C871C2F2000175
:10A2A00008603EE0FFE704980430FEF79BFD049849
:10A2B000806A28B1FFE704981830FEF793FD00E0AC
:10A2C000FFE70498C06A45F2AC01C2F200010968D8
:10A2D000884208D9FFE70498C06A45F2AC01C2F28F
:10A2E00000010860FFE70499C86A00EB800241F2B0
:10A2F0000000C2F2000000EB82000431FEF718FEFD
:10A300000498C06A40F6E871C2F200010968C96A9F
:10A31000884203D3FFE70120029000E0FFE7FFE758
:10A3200099E7FFE740F6E870C2F200000068C06AF3
:10A3300000EB800141F20000C2F2000050F8210061
:10A34000022803D3FFE70120029000E0FFE745F673
:10A350007000C2F20000006818B1FFE7012002900F
:10A3600000E0FFE707E045F2D871C2F2000108689B
:10A3700001300860FFE7029806B080BD80B586B066
:10A38000039003980290002001900398002867D062
:10A39000FFE7029840F6E871C2F2000109688842BE
:10A3A0000BD0FFE74FF0500080F31188BFF36F8FA1
:10A3B000BFF34F8F0590FFE7FEE70298006D58B995
:10A3C000FFE74FF0500080F31188BFF36F8FBFF3AA
:10A3D0004F8F0490FFE7FEE70299086D013808658A
:10A3E0000299C86AC96C884238D0FFE70298006DAC
:10A3F00090BBFFE702980430FEF7F4FC08B9FFE7D2
:10A4000000E0FFE70299C86CC8620299C86AC0F10F
:10A41000380088610298C06A45F2AC01C2F20001BE
:10A420000968884208D9FFE70298C06A45F2AC0182
:10A43000C2F200010860FFE70299C86A00EB8002DF
:10A4400041F20000C2F2000000EB82000431FEF78E
:10A450006FFD0120019000E0FFE700E0FFE700E072
:10A46000FFE7019806B080BD80B584B002900298E5
:10A47000C068C0680190019858B9FFE74FF05000DC
:10A4800080F31188BFF36F8FBFF34F8F0390FFE707
:10A49000FEE701981830FEF7A5FC45F2A400C2F2D1
:10A4A0000000006820BBFFE701980430FEF79AFC2B
:10A4B0000198C06A45F2AC01C2F200010968884205
:10A4C00008D9FFE70198C06A45F2AC01C2F2000169
:10A4D0000860FFE70199C86A00EB800241F20000C2
:10A4E000C2F2000000EB82000431FEF721FD09E01A
:10A4F000019800F1180145F2DC70C2F20000FEF78D
:10A5000017FDFFE70198C06A40F6E871C2F200014A
:10A510000968C96A884208D9FFE70120009045F61A
:10A520007001C2F20001086002E000200090FFE725
:10A53000009804B080BD000080B584B00020029077
:10A54000019045F2A400C2F20000006858B9FFE78C
:10A550004FF0500080F31188BFF36F8FBFF34F8F20
:10A560000390FFE7FEE7FEF70BFD45F2A400C2F201
:10A5700000000168013901600068002840F09980FE
:10A58000FFE745F29C00C2F200000068002800F0DE
:10A590008F80FFE7FFE745F2DC70C2F20000006841
:10A5A000002842D0FFE745F2DC70C2F20000C0682C
:10A5B000C068029002981830FEF714FC029804302C
:10A5C000FEF710FC0298C06A45F2AC01C2F200012D
:10A5D0000968884208D9FFE70298C06A45F2AC01D1
:10A5E000C2F200010860FFE70299C86A00EB80022E
:10A5F00041F20000C2F2000000EB82000431FEF7DD
:10A6000097FC0298C06A40F6E871C2F2000109683E
:10A61000C96A884207D3FFE745F67001C2F200011C
:10A620000120086000E0FFE7B5E7029818B1FFE7F6
:10A63000FDF728FDFFE745F2D870C2F20000006880
:10A6400000900098E0B1FFE7FFE7FFF7B5FD38B1F4
:10A65000FFE745F67001C2F200010120086000E04A
:10A66000FFE7009801380090FFE700980028ECD140
:10A67000FFE745F2D871C2F200010020086000E057
:10A68000FFE745F67000C2F20000006870B1FFE716
:10A69000012001904EF60451CEF200014FF080509F
:10A6A0000860BFF34F8FBFF36F8F00E0FFE7FFE756
:10A6B00000E0FFE7FEF790FC019804B080BD0000C9
:10A6C00080B58AB000200890FCF7C4FF45F668000A
:10A6D000C2F20000006858B3FFE700200490079022
:10A6E000069007A806A905AAFEF7B6FB049B059AE3
:10A6F0000698DDF81CC06946C1F808C04860022011
:10A70000086048F23120C0F600004AF65F41C0F60A
:10A710000001FFF7C3FC014645F66C00C2F20000E1
:10A720000160006818B1FFE701200890FFE700E032
:10A73000FFE7089858B9FFE74FF0500080F3118801
:10A74000BFF36F8FBFF34F8F0990FFE7FEE70898C5
:10A750000AB080BD80B58AB0DDF830C0089007919E
:10A760000692059300200490089858B9FFE74FF02F
:10A77000500080F31188BFF36F8FBFF34F8F0990A4
:10A78000FFE7FEE745F66800C2F200000068A8B3E4
:10A79000FFE70798009006980190089802900798A4
:10A7A00005281EDCFFE7FFF7E1FC02280CD1FFE7DC
:10A7B00045F66800C2F2000000680C9A6946002362
:10A7C000FFF70CF904900BE045F66800C2F20000B8
:10A7D0000068694600231A46FFF700F90490FFE776
:10A7E0000BE045F66800C2F200000068059A694671
:10A7F0000023FFF709FA0490FFE700E0FFE7049861
:10A800000AB080BD491058BFC1F140415B1058BF2C
:10A81000C3F140438B42EFF30080704751EA030CD1
:10A8200017D41CF5801F58BFBCF5801F00F10680AF
:10A83000994218BF704708BF9042704707D711F57B
:10A84000801F58BF13F5801F19D499427047894261
:10A8500070471CF5801F08D5BCF5801FF7D58B42CB
:10A8600018BF704708BF824270474FF4001C1CEBB2
:10A87000410F38BF1CEB430F01D28B42704770B5BC
:10A8800000F080F8922449004FF000514FF08053BF
:10A89000FFF7B8BF51EA030C17D41CF5801F58BF4F
:10A8A000BCF5801F00F10680994218BF704708BFB1
:10A8B0009042704707D711F5801F58BF13F5801FCE
:10A8C00019D499427047894270471CF5801F08D5FA
:10A8D000BCF5801FF7D58B4218BF704708BF824276
:10A8E00070474FF4001C1CEB410F38BF1CEB430FAB
:10A8F00001D28B42704770B500F044F892244900B1
:10A900004FF080514FF00053FFF77CBF51EA030C2A
:10A9100017D41CF5801F58BFBCF5801F00F10680BE
:10A92000994218BF704708BF9042704707D711F58A
:10A93000801F58BF13F5801F19D499427047894270
:10A9400070471CF5801F08D5BCF5801FF7D58B42DA
:10A9500018BF704708BF824270474FF4001C1CEBC1
:10A96000410F38BF1CEB430F01D28B42704770B5CB
:10A9700000F008F8922449004FF000514FF0805346
:10A98000FFF740BF0EF1020E2EF0030E5EF8046BCF
:10A99000364205D4012A43EB030515F5001F12D8F2
:10A9A000012841EB010C1CF5001F0CD80ED14FEA19
:10A9B000D17C0CEB4C0C0CF1020C15F5001F08BF00
:10A9C0004CEBD37C04E04FF0080C01E04FEAD37C61
:10A9D0000CEB4C0526FA05F606F00706B6F1040C5A
:10A9E00006D20EEB860CBDE870404CF0010C6047BF
:10A9F000DFE80CF0090B02024FF00041A1F5002145
:10AA00004FF0000070BD19461046012851EB0104BB
:10AA100018BFD4F5001484BF002001F0004170BDC0
:10AA20000808A0F500114FEA3101704743004FEAD2
:10AA3000D30C4FEA3C0C43401FBF40070CF1605160
:10AA400013F0FE4F70471CF0006F03D10CF0004173
:10AA5000002070470CF0004343EA507040EACC00FD
:10AA600010B500F038F800BF000000924FEA000176
:10AA7000FFF7D6BF4FF00041A1F500214FF00000D5
:10AA8000704710B5FFF7CAFE0CBF0120002010BDB3
:10AA900010B5FFF7C3FE14BF0120002010BD10B594
:10AAA000FFF7F8FE8CBF0120002010BD10B5FFF7A6
:10AAB000F1FE2CBF0120002010BD10B5FFF726FFCE
:10AAC00094BF0120002010BD10B5FFF71FFF34BF59
:10AAD0000120002010BD0EF1020E2EF0030E5EF8D4
:10AAE000044B244204D44FEA4102B2F17F4F11D803
:10AAF0004FEA4003B3F17F4F0CD80ED14FEAD07C20
:10AB00000CEB4C0C0CF1020CB2F17F4F08BF4CEB7C
:10AB1000D17C04E04FF0080C01E04FEAD17C0CEB53
:10AB20004C0324FA03F404F00704B4F1040C06D235
:10AB30000EEB840CBDE810404CF0010C6047DFE8E0
:10AB40000CF0070802024FF00040A0F5800010BD95
:10AB50000846420018BFD2F1807288BF00F0004062
:10AB600010BDF1EE100A4FF6FF71C0F2C03120EABD
:10AB7000010040F04070E1EE100A70470000000054
:10AB8000000000000102030406070809000000009D
:10AB9000010203044CAC00080000000000000000AB
:10ABA000000000000000000000020000180000008B
:10ABB000000000000000000000061016000610163D
:10ABC0002DAC0008000000000000000000000000A4
:10ABD000000000000002000018000000000000005B
:10ABE0000000000035AC000800000000000000007C
:10ABF000000000000000000000020000180000003B
:10AC0000000000000000000042AC0008000000004E
:10AC10000000000000000000000000000002000032
:10AC2000180000000000000000000000004C6564F7
:10AC30005461736B00536F6C656E6F69645461731C
:10AC40006B0053746174655461736B004265657089
:10AC50005461736B0049444C4500546D725100546B
:10AC60006D7220537663000088AC0008000000205D
:10AC700010000000C401000898AC0008100000207B
:10AC800068640000E00100080024F40001000000F6
:08AC900010000000AAAAAAAA04
:040000050800018965
:00000001FF
